tau,coverage,accepted_loss_mass,selective_risk,selective_acc,abstention_rate,risk
0.0,1.0,0.3018755614757538,0.3018755614757538,0.760699987411499,0.0,0.3018755614757538
0.005,0.8514999747276306,0.18271887302398682,0.21458469331264496,0.8284204602241516,0.14850002527236938,0.21458469331264496
0.01,0.8187000155448914,0.16186971962451935,0.19771553575992584,0.8399901986122131,0.18129998445510864,0.19771553575992584
0.015,0.7978000044822693,0.14839306473731995,0.18600283563137054,0.8488342761993408,0.2021999955177307,0.18600283563137054
0.02,0.7838000059127808,0.14040008187294006,0.17912743985652924,0.8534064888954163,0.21619999408721924,0.17912743985652924
0.025,0.771399974822998,0.13376492261886597,0.17340539395809174,0.8575317859649658,0.22860002517700195,0.17340539395809174
0.03,0.7620000243186951,0.1290263831615448,0.16932596266269684,0.8595800399780273,0.23799997568130493,0.16932596266269684
0.035,0.7537999749183655,0.1247117891907692,0.16544413566589355,0.8622977137565613,0.24620002508163452,0.16544413566589355
0.04,0.745199978351593,0.120324045419693,0.16146543622016907,0.8651368618011475,0.254800021648407,0.16146543622016907
0.045,0.7394999861717224,0.1171032190322876,0.15835459530353546,0.867748498916626,0.2605000138282776,0.15835459530353546
0.05,0.7343000173568726,0.11458241939544678,0.15604306757450104,0.8695356249809265,0.26569998264312744,0.15604306757450104
0.055,0.7289999723434448,0.11125141382217407,0.1526082456111908,0.8725651502609253,0.2710000276565552,0.1526082456111908
0.06,0.723800003528595,0.10840220004320145,0.1497681587934494,0.874965488910675,0.27619999647140503,0.1497681587934494
0.065,0.7193999886512756,0.10634272545576096,0.14782141149044037,0.8761467933654785,0.28060001134872437,0.14782141149044037
0.07,0.7142999768257141,0.10363492369651794,0.14508599042892456,0.8786224126815796,0.2857000231742859,0.14508599042892456
0.075,0.7099999785423279,0.10219945758581161,0.14394289255142212,0.8792957663536072,0.2900000214576721,0.14394289255142212
0.08,0.7063999772071838,0.10099857300519943,0.14297646284103394,0.8799546957015991,0.29360002279281616,0.14297646284103394
0.085,0.7031999826431274,0.09952425211668015,0.14153051376342773,0.880972683429718,0.29680001735687256,0.14153051376342773
0.09,0.6995000243186951,0.09773995727300644,0.13972830772399902,0.8822015523910522,0.30049997568130493,0.13972830772399902
0.095,0.6958000063896179,0.096365787088871,0.13849638402462006,0.8831560611724854,0.3041999936103821,0.13849638402462006
0.1,0.6930999755859375,0.0950416624546051,0.13712546229362488,0.88428795337677,0.3069000244140625,0.13712546229362488
0.105,0.690500020980835,0.09400743246078491,0.1361439973115921,0.885010838508606,0.30949997901916504,0.1361439973115921
0.11,0.6883000135421753,0.09290982782840729,0.13498449325561523,0.8859509229660034,0.3116999864578247,0.13498449325561523
0.115,0.6855999827384949,0.0917835682630539,0.1338733434677124,0.8868144750595093,0.3144000172615051,0.1338733434677124
0.12,0.6829000115394592,0.09056027978658676,0.13261133432388306,0.8878313302993774,0.31709998846054077,0.13261133432388306
0.125,0.6805999875068665,0.08959221839904785,0.1316371113061905,0.8884807229042053,0.31940001249313354,0.1316371113061905
0.13,0.6782000064849854,0.08866384625434875,0.13073407113552094,0.8891182541847229,0.32179999351501465,0.13073407113552094
0.135,0.6747000217437744,0.08735975623130798,0.12947940826416016,0.8901734352111816,0.3252999782562256,0.12947940826416016
0.14,0.6726999878883362,0.0864332765340805,0.12848711013793945,0.8910361528396606,0.3273000121116638,0.12848711013793945
0.145,0.669700026512146,0.08541584759950638,0.12754344940185547,0.8915932774543762,0.330299973487854,0.12754344940185547
0.15,0.6669999957084656,0.08450626581907272,0.12669605016708374,0.8920539617538452,0.3330000042915344,0.12669605016708374
0.155,0.664900004863739,0.08327393233776093,0.12524278461933136,0.8933674097061157,0.335099995136261,0.12524278461933136
0.16,0.6628000140190125,0.08257976919412613,0.12459228187799454,0.8937839269638062,0.33719998598098755,0.12459228187799454
0.165,0.6607000231742859,0.08157139271497726,0.12346207350492477,0.8949598670005798,0.3392999768257141,0.12346207350492477
0.17,0.6582000255584717,0.08058048784732819,0.12242553383111954,0.8956244587898254,0.3417999744415283,0.12242553383111954
0.17500000000000002,0.656000018119812,0.07976477593183517,0.12159264832735062,0.8964939117431641,0.343999981880188,0.12159264832735062
0.18,0.6541000008583069,0.07889409363269806,0.12061472237110138,0.8974162936210632,0.3458999991416931,0.12061472237110138
0.185,0.6523000001907349,0.07812589406967163,0.11976988613605499,0.898206353187561,0.34769999980926514,0.11976988613605499
0.19,0.6513000130653381,0.07774791866540909,0.11937343329191208,0.8985106945037842,0.34869998693466187,0.11937343329191208
0.195,0.6503000259399414,0.07724441587924957,0.11878273636102676,0.8989697098731995,0.3496999740600586,0.11878273636102676
0.2,0.6491000056266785,0.076787069439888,0.1182977557182312,0.8990910649299622,0.35089999437332153,0.1182977557182312
0.20500000000000002,0.6477000117301941,0.0764147937297821,0.11797868460416794,0.8991817235946655,0.3522999882698059,0.11797868460416794
0.21,0.6456999778747559,0.07569559663534164,0.11723028123378754,0.8996437788009644,0.35430002212524414,0.11723028123378754
0.215,0.6431000232696533,0.07443483173847198,0.11574379354715347,0.9009485244750977,0.3568999767303467,0.11574379354715347
0.22,0.6413999795913696,0.07395424693822861,0.11530128866434097,0.9011537432670593,0.35860002040863037,0.11530128866434097
0.225,0.6394000053405762,0.07332400232553482,0.11467626690864563,0.9017829298973083,0.36059999465942383,0.11467626690864563
0.23,0.6376000046730042,0.07245040684938431,0.11362987756729126,0.9027603268623352,0.36239999532699585,0.11362987756729126
0.23500000000000001,0.6359999775886536,0.07186489552259445,0.11299512535333633,0.9031446576118469,0.36400002241134644,0.11299512535333633
0.24,0.6349999904632568,0.07141546905040741,0.11246529966592789,0.9034645557403564,0.36500000953674316,0.11246529966592789
0.245,0.633400022983551,0.07050197571516037,0.11130719631910324,0.9046416282653809,0.366599977016449,0.11130719631910324
0.25,0.6319000124931335,0.06989395618438721,0.11060920357704163,0.9052065014839172,0.36809998750686646,0.11060920357704163
0.255,0.6305999755859375,0.06959139555692673,0.11035742610692978,0.9053282737731934,0.3694000244140625,0.11035742610692978
0.26,0.6291000247001648,0.0691487193107605,0.10991689562797546,0.9055793881416321,0.3708999752998352,0.10991689562797546
0.265,0.6276999711990356,0.06838197261095047,0.10894052684307098,0.9063246846199036,0.37230002880096436,0.10894052684307098
0.27,0.6265000104904175,0.06787276268005371,0.1083364188671112,0.9069433212280273,0.3734999895095825,0.1083364188671112
0.275,0.6254000067710876,0.06726931035518646,0.10756205767393112,0.9077390432357788,0.37459999322891235,0.10756205767393112
0.28,0.6238999962806702,0.06648179888725281,0.1065584197640419,0.9086391925811768,0.37610000371932983,0.1065584197640419
0.28500000000000003,0.6223999857902527,0.06577011197805405,0.10567177087068558,0.9093830585479736,0.3776000142097473,0.10567177087068558
0.29,0.621399998664856,0.06542650610208511,0.10528887808322906,0.9097200036048889,0.37860000133514404,0.10528887808322906
0.295,0.6201000213623047,0.06506429612636566,0.1049254834651947,0.9100145101547241,0.3798999786376953,0.1049254834651947
0.3,0.6187999844551086,0.06469093263149261,0.1045425534248352,0.9101486802101135,0.38120001554489136,0.1045425534248352
0.305,0.6179999709129333,0.0645434558391571,0.10443925112485886,0.9101941585540771,0.38200002908706665,0.10443925112485886
0.31,0.6168000102043152,0.06408862769603729,0.10390504449605942,0.9106679558753967,0.3831999897956848,0.10390504449605942
0.315,0.6154999732971191,0.06351020187139511,0.10318473726511002,0.9112916588783264,0.38450002670288086,0.10318473726511002
0.32,0.6141999959945679,0.06296098977327347,0.10250893980264664,0.9119179248809814,0.38580000400543213,0.10250893980264664
0.325,0.6129000186920166,0.06254985183477402,0.10205556452274323,0.9122205972671509,0.3870999813079834,0.10205556452274323
0.33,0.6118999719619751,0.06223559007048607,0.10170876234769821,0.9124040007591248,0.3881000280380249,0.10170876234769821
0.335,0.6098999977111816,0.061622485518455505,0.10103703290224075,0.9127725958824158,0.39010000228881836,0.10103703290224075
0.34,0.6086000204086304,0.06138980761170387,0.1008705347776413,0.9127506017684937,0.39139997959136963,0.1008705347776413
0.34500000000000003,0.6071000099182129,0.060918547213077545,0.10034351795911789,0.9131938815116882,0.3928999900817871,0.10034351795911789
0.35000000000000003,0.6064000129699707,0.06081889569759369,0.10029501467943192,0.9130936861038208,0.3935999870300293,0.10029501467943192
0.355,0.6053000092506409,0.06053338572382927,0.10000559687614441,0.9134313464164734,0.39469999074935913,0.10000559687614441
0.36,0.6043999791145325,0.060405198484659195,0.09994242340326309,0.9134678840637207,0.39560002088546753,0.09994242340326309
0.365,0.6036999821662903,0.060249608010053635,0.09980057924985886,0.9135332107543945,0.3963000178337097,0.09980057924985886
0.37,0.6032000184059143,0.06007297337055206,0.0995904728770256,0.9137930870056152,0.3967999815940857,0.0995904728770256
0.375,0.6018000245094299,0.05940495431423187,0.09871212393045425,0.914423406124115,0.39819997549057007,0.09871212393045425
0.38,0.6003999710083008,0.05908220261335373,0.09840473532676697,0.9147235155105591,0.3996000289916992,0.09840473532676697
0.385,0.599399983882904,0.05859217420220375,0.09775137901306152,0.9154154062271118,0.40060001611709595,0.09775137901306152
0.39,0.5982999801635742,0.058250993490219116,0.09736084938049316,0.9157613515853882,0.4017000198364258,0.09736084938049316
0.395,0.5961999893188477,0.05792910233139992,0.09716387093067169,0.9156323671340942,0.40380001068115234,0.09716387093067169
0.4,0.5950000286102295,0.05757049098610878,0.09675712883472443,0.9157983064651489,0.4049999713897705,0.09675712883472443
0.405,0.593999981880188,0.05731184780597687,0.09648459404706955,0.9159932732582092,0.406000018119812,0.09648459404706955
0.41000000000000003,0.5934000015258789,0.0571269765496254,0.0962706059217453,0.9160768389701843,0.4065999984741211,0.0962706059217453
0.41500000000000004,0.5924999713897705,0.05683283507823944,0.09592039883136749,0.9162869453430176,0.4075000286102295,0.09592039883136749
0.42,0.59170001745224,0.05648694932460785,0.0954655259847641,0.9166807532310486,0.40829998254776,0.0954655259847641
0.425,0.590399980545044,0.055878087878227234,0.0946444571018219,0.9175135493278503,0.40960001945495605,0.0946444571018219
0.43,0.5889999866485596,0.05515684932470322,0.09364490211009979,0.9183361530303955,0.41100001335144043,0.09364490211009979
0.435,0.588100016117096,0.05489194393157959,0.0933377742767334,0.9185512661933899,0.41189998388290405,0.0933377742767334
0.44,0.5870000123977661,0.05454445257782936,0.0929206982254982,0.9189097285270691,0.4129999876022339,0.0929206982254982
0.445,0.5855000019073486,0.05404392629861832,0.09230388700962067,0.9192143678665161,0.41449999809265137,0.09230388700962067
0.45,0.5848000049591064,0.053710438311100006,0.0918441116809845,0.9196306467056274,0.41519999504089355,0.0918441116809845
0.455,0.5835000276565552,0.05331085994839668,0.09136393666267395,0.9199657440185547,0.4164999723434448,0.09136393666267395
0.46,0.5827000141143799,0.05305356904864311,0.09104783087968826,0.9201990962028503,0.4172999858856201,0.09104783087968826
0.465,0.5819000005722046,0.05282019078731537,0.09077193588018417,0.9204330444335938,0.4180999994277954,0.09077193588018417
0.47000000000000003,0.5806000232696533,0.05246134102344513,0.09035711735486984,0.920771598815918,0.4193999767303467,0.09035711735486984
0.47500000000000003,0.5785999894142151,0.05201678350567818,0.08990111202001572,0.921016275882721,0.4214000105857849,0.08990111202001572
0.48,0.5777000188827515,0.05165739730000496,0.08941907435655594,0.9215856194496155,0.42229998111724854,0.08941907435655594
0.485,0.5766000151634216,0.051306743174791336,0.0889815166592598,0.9219563007354736,0.42339998483657837,0.0889815166592598
0.49,0.5756000280380249,0.05103146284818649,0.08865785598754883,0.9219944477081299,0.4243999719619751,0.08865785598754883
0.495,0.5746999979019165,0.05077946186065674,0.08835820853710175,0.9223942756652832,0.4253000020980835,0.08835820853710175
0.5,0.5735999941825867,0.05069274827837944,0.0883764773607254,0.922245442867279,0.42640000581741333,0.0883764773607254
0.505,0.5723999738693237,0.05034039169549942,0.08794617652893066,0.9226065874099731,0.42760002613067627,0.08794617652893066
0.51,0.5713000297546387,0.04966083541512489,0.08692602068185806,0.9236828088760376,0.42869997024536133,0.08692602068185806
0.515,0.5702000260353088,0.04895405098795891,0.0858541801571846,0.9247632622718811,0.42979997396469116,0.0858541801571846
0.52,0.5687000155448914,0.0486363023519516,0.08552189916372299,0.925092339515686,0.43129998445510864,0.08552189916372299
0.525,0.567799985408783,0.04848626255989075,0.08539320528507233,0.92514967918396,0.43220001459121704,0.08539320528507233
0.53,0.5673999786376953,0.048090703785419464,0.0847562626004219,0.9258019328117371,0.4326000213623047,0.0847562626004219
0.535,0.5663999915122986,0.04776584357023239,0.08433235436677933,0.9262005686759949,0.4336000084877014,0.08433235436677933
0.54,0.5654000043869019,0.04739702492952347,0.08382919430732727,0.9266006350517273,0.43459999561309814,0.08382919430732727
0.545,0.5640000104904175,0.04697583615779877,0.08329048752784729,0.9271276593208313,0.4359999895095825,0.08329048752784729
0.55,0.5630999803543091,0.046855632215738297,0.08321014791727066,0.9271887540817261,0.4369000196456909,0.08321014791727066
0.555,0.5623000264167786,0.04662569239735603,0.08291960507631302,0.927440881729126,0.43769997358322144,0.08291960507631302
0.56,0.5609999895095825,0.04615634307265282,0.08227512240409851,0.928164005279541,0.4390000104904175,0.08227512240409851
0.5650000000000001,0.559499979019165,0.04571591317653656,0.08170851320028305,0.9286863207817078,0.44050002098083496,0.08170851320028305
0.5700000000000001,0.5587000250816345,0.04550950974225998,0.08145607262849808,0.9289422035217285,0.4412999749183655,0.08145607262849808
0.5750000000000001,0.5573999881744385,0.04504668712615967,0.08081573247909546,0.9293146729469299,0.4426000118255615,0.08081573247909546
0.58,0.5562000274658203,0.04457956552505493,0.08015024662017822,0.9298813343048096,0.4437999725341797,0.08015024662017822
0.585,0.5544999837875366,0.044123753905296326,0.07957395166158676,0.9303877353668213,0.4455000162124634,0.07957395166158676
0.59,0.5533000230789185,0.043691471219062805,0.07896524667739868,0.9309597015380859,0.44669997692108154,0.07896524667739868
0.595,0.5522000193595886,0.04335358366370201,0.07851065695285797,0.931365430355072,0.4477999806404114,0.07851065695285797
0.6,0.5511000156402588,0.04294119030237198,0.07791905105113983,0.9319542646408081,0.4488999843597412,0.07791905105113983
0.605,0.5493999719619751,0.042760834097862244,0.07783187925815582,0.9319257140159607,0.4506000280380249,0.07783187925815582
0.61,0.54830002784729,0.04233662784099579,0.07721434533596039,0.9323363304138184,0.45169997215270996,0.07721434533596039
0.615,0.5468000173568726,0.041924383491277695,0.07667224854230881,0.9326993227005005,0.45319998264312744,0.07667224854230881
0.62,0.545799970626831,0.04144952818751335,0.07594270259141922,0.933492124080658,0.45420002937316895,0.07594270259141922
0.625,0.5450999736785889,0.041177719831466675,0.07554158568382263,0.9339570999145508,0.45490002632141113,0.07554158568382263
0.63,0.5436999797821045,0.04085502773523331,0.07514259219169617,0.9343388080596924,0.4563000202178955,0.07514259219169617
0.635,0.5425000190734863,0.040513284504413605,0.07467886805534363,0.9347465634346008,0.45749998092651367,0.07467886805534363
0.64,0.541100025177002,0.04009716585278511,0.07410305738449097,0.9351321458816528,0.45889997482299805,0.07410305738449097
0.645,0.5396999716758728,0.039699241518974304,0.07355798035860062,0.9357050061225891,0.4603000283241272,0.07355798035860062
0.65,0.5385000109672546,0.039219729602336884,0.07283143699169159,0.9364902377128601,0.46149998903274536,0.07283143699169159
0.655,0.5371000170707703,0.03853590041399002,0.07174809277057648,0.9378141760826111,0.46289998292922974,0.07174809277057648
0.66,0.5364999771118164,0.03837960958480835,0.07153701782226562,0.9379310607910156,0.4635000228881836,0.07153701782226562
0.665,0.5356000065803528,0.03812572360038757,0.0711832046508789,0.9382001757621765,0.4643999934196472,0.0711832046508789
0.67,0.534600019454956,0.03795576095581055,0.0709984302520752,0.9382715821266174,0.46539998054504395,0.0709984302520752
0.675,0.5336999893188477,0.03762252256274223,0.07049376517534256,0.9387296438217163,0.46630001068115234,0.07049376517534256
0.68,0.5325000286102295,0.03744439408183098,0.07031811028718948,0.9389671087265015,0.4674999713897705,0.07031811028718948
0.685,0.5317000150680542,0.03725624829530716,0.0700700581073761,0.9392514824867249,0.4682999849319458,0.0700700581073761
0.6900000000000001,0.5299999713897705,0.03691449388861656,0.06964998692274094,0.9396226406097412,0.4700000286102295,0.06964998692274094
0.6950000000000001,0.5288000106811523,0.03664267435669899,0.06929401308298111,0.9398638606071472,0.47119998931884766,0.06929401308298111
0.7000000000000001,0.5271999835968018,0.0363430418074131,0.06893596798181534,0.9400606751441956,0.47280001640319824,0.06893596798181534
0.705,0.5264999866485596,0.036166343837976456,0.06869200617074966,0.94017094373703,0.47350001335144043,0.06869200617074966
0.71,0.5250999927520752,0.03597372770309448,0.0685083344578743,0.9400114417076111,0.4749000072479248,0.0685083344578743
0.715,0.5239999890327454,0.035585906356573105,0.0679120346903801,0.9406488537788391,0.47600001096725464,0.0679120346903801
0.72,0.5221999883651733,0.03508982062339783,0.06719613075256348,0.9410187602043152,0.47780001163482666,0.06719613075256348
0.725,0.5205000042915344,0.03465591371059418,0.06658196449279785,0.9415946006774902,0.4794999957084656,0.06658196449279785
0.73,0.5192999839782715,0.03433762863278389,0.06612291187047958,0.9420373439788818,0.4807000160217285,0.06612291187047958
0.735,0.5180000066757202,0.03415898606181145,0.06594398617744446,0.9420849680900574,0.4819999933242798,0.06594398617744446
0.74,0.5166000127792358,0.034108735620975494,0.06602542847394943,0.941927969455719,0.48339998722076416,0.06602542847394943
0.745,0.5152000188827515,0.033718373626470566,0.06544715911149979,0.9425466060638428,0.48479998111724854,0.06544715911149979
0.75,0.513700008392334,0.03329071030020714,0.06480574607849121,0.9431574940681458,0.486299991607666,0.06480574607849121
0.755,0.5121999979019165,0.03290553018450737,0.06424351781606674,0.9435767531394958,0.4878000020980835,0.06424351781606674
0.76,0.5109999775886536,0.03267895430326462,0.06395098567008972,0.9438356161117554,0.48900002241134644,0.06395098567008972
0.765,0.5098999738693237,0.03243843466043472,0.06361724436283112,0.9441066980361938,0.49010002613067627,0.06361724436283112
0.77,0.5080000162124634,0.031734682619571686,0.06246984750032425,0.9450787305831909,0.4919999837875366,0.06246984750032425
0.775,0.5059999823570251,0.031202388927340508,0.061664801090955734,0.9458497762680054,0.49400001764297485,0.061664801090955734
0.78,0.504800021648407,0.0310458242893219,0.061501238495111465,0.9459191560745239,0.495199978351593,0.061501238495111465
0.785,0.5030999779701233,0.030719896778464317,0.06106121465563774,0.9461339712142944,0.4969000220298767,0.06106121465563774
0.79,0.5016000270843506,0.030488871037960052,0.06078323349356651,0.9463716149330139,0.4983999729156494,0.06078323349356651
0.795,0.5004000067710876,0.03010857291519642,0.06016901135444641,0.9470423460006714,0.49959999322891235,0.06016901135444641
0.8,0.49880000948905945,0.029995162039995193,0.0601346492767334,0.9468724727630615,0.5011999905109406,0.0601346492767334
0.805,0.49639999866485596,0.029584655538201332,0.059598419815301895,0.947219967842102,0.503600001335144,0.059598419815301895
0.81,0.49470001459121704,0.029304584488272667,0.05923708155751228,0.947442889213562,0.505299985408783,0.05923708155751228
0.8150000000000001,0.4934000074863434,0.029074478894472122,0.058926790952682495,0.9475070834159851,0.5065999925136566,0.058926790952682495
0.8200000000000001,0.4918000102043152,0.02873733453452587,0.05843297019600868,0.947946310043335,0.5081999897956848,0.05843297019600868
0.8250000000000001,0.48989999294281006,0.028215518221259117,0.05759444460272789,0.9487650394439697,0.5101000070571899,0.05759444460272789
0.8300000000000001,0.4875999987125397,0.02793963998556137,0.057300325483083725,0.9489335417747498,0.5124000012874603,0.057300325483083725
0.835,0.48570001125335693,0.02760251797735691,0.05683038383722305,0.94935142993927,0.5142999887466431,0.05683038383722305
0.84,0.48410001397132874,0.02722400799393654,0.056236330419778824,0.9498037695884705,0.5158999860286713,0.056236330419778824
0.845,0.48159998655319214,0.026593374088406563,0.05521880090236664,0.9505813717842102,0.5184000134468079,0.05521880090236664
0.85,0.47929999232292175,0.026250042021274567,0.054767459630966187,0.9509701728820801,0.5207000076770782,0.054767459630966187
0.855,0.4763999879360199,0.025767993181943893,0.05408898741006851,0.9515113234519958,0.5236000120639801,0.05408898741006851
0.86,0.47450000047683716,0.02522481419146061,0.053160831332206726,0.9523709416389465,0.5254999995231628,0.053160831332206726
0.865,0.4722999930381775,0.0249922014772892,0.052915945649147034,0.9523608088493347,0.5277000069618225,0.052915945649147034
0.87,0.4702000021934509,0.024676449596881866,0.052480753511190414,0.9527860283851624,0.5297999978065491,0.052480753511190414
0.875,0.4674000144004822,0.02422674000263214,0.05183298885822296,0.9533590078353882,0.5325999855995178,0.05183298885822296
0.88,0.46380001306533813,0.023773953318595886,0.05125906318426132,0.9538594484329224,0.5361999869346619,0.05125906318426132
0.885,0.46129998564720154,0.023064138367772102,0.04999813437461853,0.9551268219947815,0.5387000143527985,0.04999813437461853
0.89,0.45840001106262207,0.02262786217033863,0.049362700432538986,0.955715537071228,0.5415999889373779,0.049362700432538986
0.895,0.4560999870300293,0.02220449596643448,0.048683397471904755,0.9563692212104797,0.5439000129699707,0.048683397471904755
0.9,0.453000009059906,0.021846700459718704,0.04822671413421631,0.9565121531486511,0.546999990940094,0.04822671413421631
0.905,0.45019999146461487,0.021421153098344803,0.04758141562342644,0.9571301937103271,0.5498000085353851,0.04758141562342644
0.91,0.447299987077713,0.021199269220232964,0.04739385098218918,0.9570757746696472,0.552700012922287,0.04739385098218918
0.915,0.44339999556541443,0.02047346904873848,0.0461738146841526,0.9580514430999756,0.5566000044345856,0.0461738146841526
0.92,0.4397999942302704,0.019951755180954933,0.04536551609635353,0.9586175680160522,0.5602000057697296,0.04536551609635353
0.925,0.43540000915527344,0.019215688109397888,0.04413341358304024,0.9598070979118347,0.5645999908447266,0.04413341358304024
0.93,0.43230000138282776,0.018395522609353065,0.042552679777145386,0.9613693952560425,0.5676999986171722,0.042552679777145386
0.935,0.42739999294281006,0.017980828881263733,0.042070258408784866,0.9616284370422363,0.5726000070571899,0.042070258408784866
0.9400000000000001,0.42179998755455017,0.017593029886484146,0.04170941188931465,0.9618302583694458,0.5782000124454498,0.04170941188931465
0.9450000000000001,0.41600000858306885,0.016900522634387016,0.04062625765800476,0.9627403616905212,0.5839999914169312,0.04062625765800476
0.9500000000000001,0.4101000130176544,0.016064133495092392,0.0391712561249733,0.963911235332489,0.5898999869823456,0.0391712561249733
0.9550000000000001,0.40230000019073486,0.01521762739866972,0.03782656416296959,0.9649515151977539,0.5976999998092651,0.03782656416296959
0.96,0.3946000039577484,0.01438273023813963,0.036448884755373,0.9662950038909912,0.6053999960422516,0.036448884755373
0.965,0.38609999418258667,0.013421321287751198,0.03476125746965408,0.9676249623298645,0.6139000058174133,0.03476125746965408
0.97,0.37599998712539673,0.012407495640218258,0.03299865871667862,0.9694148898124695,0.6240000128746033,0.03299865871667862
0.975,0.3650999963283539,0.011674659326672554,0.0319766066968441,0.9698712825775146,0.6349000036716461,0.0319766066968441
0.98,0.34850001335144043,0.010414238087832928,0.029883036389946938,0.9718794822692871,0.6514999866485596,0.029883036389946938
0.985,0.32710000872612,0.008641497232019901,0.026418518275022507,0.9749312400817871,0.67289999127388,0.026418518275022507
0.99,0.3000999987125397,0.006958493031561375,0.023187248036265373,0.9780073165893555,0.6999000012874603,0.023187248036265373
0.995,0.25369998812675476,0.004302707500755787,0.016959823668003082,0.9838391542434692,0.7463000118732452,0.016959823668003082
1.0,0.00019999999494757503,4.5299530793130316e-10,2.2649765014648438e-06,1.0,0.9998000000050524,2.2649765014648438e-06
