,step,time stamp,loss,loss_pred,loss_cov,loss_risk,loss_aux,selective_loss,empirical_coverage,hard_coverage,empirical_risk,selective_acc,raw_acc,selective_risk,R_hat,mu,alpha_risk
0,1,2026/01/31 06:59:52,2.2386018814751134,1.967994068377315,0.0005386820481048,0.0,2.4919718698190807,1.985231893892867,0.956208952128316,0.9639327076677316,1.87649924077165,0.2474800831022354,0.2473791932907348,0.8202647536326522,0.0,0.0,0.1000000000000005
1,2,2026/01/31 07:00:16,1.7882265378111086,1.650960833119889,0.0001568855486095,0.0,1.9204718982830595,1.655981170483671,0.8077555656813966,0.8103284744408946,1.334351651584759,0.3696269190159088,0.3446485623003195,0.7362874681576372,0.0,0.0,0.1000000000000005
2,3,2026/01/31 07:00:41,1.657644045619538,1.5979319814675914,0.0002051044093808,0.0,1.710792764307211,1.6044953219806806,0.8039358599117389,0.8075579073482428,1.285565941859358,0.3999924706860472,0.3680361421725239,0.7115790632586129,0.0,0.0,0.1000000000000005
3,4,2026/01/31 07:01:06,1.363912332172211,1.2902892683260738,0.0002622389078956,0.0,1.4291437479634634,1.2986809148575171,0.7949370290524662,0.7965255591054313,1.025869193358924,0.5305204692359169,0.4780101837060703,0.6007278573017912,0.0,0.0,0.1000000000000005
4,5,2026/01/31 07:01:31,1.170217341127487,1.0827202153282045,0.0002981233823395,0.0,1.248174524154907,1.0922601641938328,0.7913477994001712,0.7927815495207667,0.8569711134456598,0.6175040213254314,0.5519918130990416,0.5104561515699941,0.0,0.0,0.1000000000000005
5,6,2026/01/31 07:01:55,1.0204704308662171,0.9237201709907276,0.0003429333707285,0.0,1.1062468229391325,0.9346940373650756,0.789637527526758,0.7922573881789138,0.7296277048488775,0.6839122282811247,0.6115714856230032,0.4337692076024917,0.0,0.0,0.1000000000000005
6,7,2026/01/31 07:02:20,0.8979094449323587,0.7920476258181917,0.000381546646499,0.0,0.9915617721530195,0.8042571200920751,0.7885797833101437,0.7897114616613419,0.6247487374768851,0.7302889165025168,0.6519818290734825,0.3740840284778668,0.0,0.0,0.1000000000000005
7,8,2026/01/31 07:02:45,0.8278252210099095,0.7168205155732151,0.000398973902079,0.0,0.9260627610234026,0.7295876809012014,0.7866145250515435,0.7881888977635783,0.5639839045727215,0.7623994518011904,0.6812100638977636,0.3367492766997303,0.0,0.0,0.1000000000000005
8,9,2026/01/31 07:03:09,0.7704626856901394,0.6598086670374337,0.0003542469092314,0.0,0.8697808021173691,0.6711445690724797,0.7876954480481986,0.7896116214057508,0.5198934027752556,0.7910318519360722,0.7081170127795527,0.3066884610123527,0.0,0.0,0.1000000000000005
9,10,2026/01/31 07:03:34,0.7303247951661436,0.6174786936360807,0.0003665001382942,0.0,0.8314428915992712,0.6292066982569405,0.7879545273491368,0.7905101837060703,0.4865921129243442,0.8056333455414818,0.7215704872204473,0.2871467538249378,0.0,0.0,0.1000000000000005
10,11,2026/01/31 07:03:59,0.697185058372851,0.5806137175796131,0.0004075344983836,0.0,0.8007152939375978,0.5936548210942326,0.7870007540090397,0.788213857827476,0.4571044406951807,0.8209354999347236,0.7352985223642172,0.2671625683197198,0.0,0.0,0.1000000000000005
11,12,2026/01/31 07:04:23,0.6755868753495688,0.5619580623821709,0.0003823376681289,0.0,0.776980880731211,0.5741928674923346,0.787995669978876,0.7887130591054313,0.4427056534412189,0.8293348173744762,0.74408446485623,0.2572347450370605,0.0,0.0,0.1000000000000005
12,13,2026/01/31 07:04:48,0.6497752427483519,0.5359611199877132,0.0003730710036978,0.0,0.7516510932209393,0.5478993919901193,0.7881192029855503,0.7893370607028753,0.4224418080367219,0.8357289269709358,0.7517721645367412,0.2469108517463215,0.0,0.0,0.1000000000000005
13,14,2026/01/31 07:05:13,0.6295736816744454,0.5139783645590273,0.0003626240302428,0.0,0.7335650297209096,0.5255823324377925,0.788130625177877,0.7899860223642172,0.4050686725983604,0.8456270371001369,0.7603085063897763,0.2348221344784045,0.0,0.0,0.1000000000000005
14,15,2026/01/31 07:05:38,0.62704739269738,0.5106913011294966,0.0003919595120101,0.0,0.7308607768898193,0.5232340052676278,0.7882037185632382,0.7891124201277955,0.402501839085128,0.8458006105864772,0.7608576277955271,0.2324267141639996,0.0,0.0,0.1000000000000005
15,16,2026/01/31 07:06:03,0.5992266281534688,0.4811189429828534,0.0003821403042918,0.0,0.7051058207837918,0.4933474331903762,0.7882007295712115,0.7888628194888179,0.3791948326479513,0.8574253269277823,0.7689946086261981,0.2193467731293017,0.0,0.0,0.1000000000000005
16,17,2026/01/31 07:06:27,0.6035851280148418,0.4864538731856849,0.0003914215904339,0.0,0.7081908952123441,0.4989793643402977,0.7875216772761969,0.7889127396166135,0.3832339288803716,0.8529557336252719,0.7680211661341853,0.2231156067631115,0.0,0.0,0.1000000000000005
17,18,2026/01/31 07:06:52,0.5828336121175236,0.4632168304615508,0.0003660180351443,0.0,0.6907378170436944,0.4749294080006809,0.7886056559154401,0.7905601038338658,0.365382103731457,0.861645797190194,0.7758087060702875,0.2107216408744026,0.0,0.0,0.1000000000000005
18,19,2026/01/31 07:07:17,0.5794745881717426,0.4622699705461344,0.0003401443443115,0.0,0.685794589142449,0.4731545896290209,0.7880077135448639,0.7889127396166135,0.3641976818394737,0.8636217797145295,0.7768570287539937,0.2102961393590933,0.0,0.0,0.1000000000000005
19,20,2026/01/31 07:07:42,0.576361244955002,0.4577129611287254,0.0003840635233489,0.0,0.6827194984918966,0.4700029933700165,0.7883974955485652,0.7906100239616614,0.3608092490000466,0.862858216221721,0.7776307907348243,0.2109672998467954,0.0,0.0,0.1000000000000005
20,21,2026/01/31 07:08:08,0.5652336737218375,0.4484137707529738,0.0003706924790909,0.0,0.6701914175821189,0.460275930194809,0.7875620602799681,0.7891124201277955,0.3531652970340686,0.867546188374297,0.7814496805111821,0.2027538062665409,0.0,0.0,0.1000000000000005
21,22,2026/01/31 07:08:33,0.5510714694905204,0.4344718974238387,0.0003851616232363,0.0,0.6553458697117936,0.4467970696501077,0.788224358528186,0.7896116214057508,0.3424420332708678,0.8704394359177294,0.7861671325878594,0.1976003708502355,0.0,0.0,0.1000000000000005
22,23,2026/01/31 07:08:58,0.5519571710889712,0.4361064728266134,0.0003605056819804,0.0,0.6562716879022007,0.4476426551802852,0.7883985118744091,0.7900359424920128,0.3438903203787514,0.8694186854286315,0.7865914536741214,0.1990328077167368,0.0,0.0,0.1000000000000005
23,24,2026/01/31 07:09:23,0.5433966184195619,0.4293387914522768,0.0003372212694504,0.0,0.6466633631779363,0.4401298732327196,0.7890392170546535,0.7908845846645367,0.3387638627054592,0.8756042996915384,0.793180910543131,0.1946494109190691,0.0,0.0,0.1000000000000005
24,25,2026/01/31 07:09:48,0.5353816288728683,0.4170390654581423,0.0004052020956166,0.0,0.6407577263090176,0.4300055315795417,0.7879579050091509,0.7886132188498403,0.3284525465660582,0.8773188172057033,0.7908097044728435,0.188663604707954,0.0,0.0,0.1000000000000005
25,26,2026/01/31 07:10:14,0.4102529259249806,0.2959038913011931,0.0003211752610702,0.0,0.514324349431565,0.3061814994191209,0.789675198804837,0.7906349840255591,0.2336093212802189,0.9151156000055064,0.8333915734824281,0.136055440757983,0.0,0.0,0.1000000000000005
26,27,2026/01/31 07:10:39,0.3761660602812569,0.2662610341422854,0.0002699849665003,0.0,0.4774315676178795,0.2749005525161664,0.7909773449166514,0.7919329073482428,0.2106335379968817,0.9243578600426452,0.8454472843450479,0.1212753081164611,0.0,0.0,0.1000000000000005
27,28,2026/01/31 07:11:03,0.3713569710620295,0.2602085172415922,0.0003010708532344,0.0,0.4728711552132433,0.2698427847684763,0.7912235244775352,0.7930311501597445,0.2057809194151205,0.924437316461874,0.8463708067092651,0.1192535358234145,0.0,0.0,0.1000000000000005
28,29,2026/01/31 07:11:28,0.375709431144757,0.2628655487213271,0.000285049642504,0.0,0.4794317243959957,0.2719871377744994,0.7909673539975199,0.7911092252396166,0.2080196780613817,0.9258308635352138,0.8437000798722045,0.1199723703983111,0.0,0.0,0.1000000000000005
29,30,2026/01/31 07:11:53,0.3638687785536336,0.2508092950374935,0.0002830313950418,0.0,0.4678712531019704,0.2598663002443009,0.7905198289944341,0.7916333865814696,0.1981721278815604,0.9292440408715804,0.8473941693290735,0.1143092866808461,0.0,0.0,0.1000000000000005
30,31,2026/01/31 07:12:19,0.3803030398611824,0.266382946421544,0.0003235254491821,0.0,0.4838703178559629,0.276735760604802,0.7898097700966052,0.7913089057507987,0.2102602897836758,0.9243076712178728,0.8420027955271565,0.1213965530212694,0.0,0.0,0.1000000000000005
31,32,2026/01/31 07:12:44,0.3648431644367333,0.2539958446122968,0.0002829223982376,0.0,0.466636968116029,0.2630493610906905,0.7913664908835683,0.7922324281150159,0.2009206730812883,0.9287952889268772,0.848292731629393,0.1150960174326698,0.0,0.0,0.1000000000000005
32,33,2026/01/31 07:13:09,0.3739606605741543,0.2612667061126651,0.0002957264521141,0.0,0.4771913679453511,0.2707299525840594,0.7900256564061101,0.7915834664536742,0.2063539528761047,0.9272418307801024,0.84564696485623,0.1179996182838567,0.0,0.0,0.1000000000000005
33,34,2026/01/31 07:13:34,0.3756397955905134,0.2620371846488109,0.0003243114320605,0.0,0.4788644423309606,0.2724151500878623,0.7896229061074912,0.7913089057507987,0.206985676631379,0.9275780171632004,0.8451477635782748,0.1184251952690247,0.0,0.0,0.1000000000000005
34,35,2026/01/31 07:13:59,0.3751316129589995,0.2637535265554635,0.0002859393753566,0.0,0.4773596414742759,0.2729035857529305,0.791462598517299,0.7931060303514377,0.2087103375754417,0.9255650717610368,0.8449730431309904,0.1200002624799077,0.0,0.0,0.1000000000000005
35,36,2026/01/31 07:14:25,0.3718376731910645,0.2587497910133566,0.000359206037697,0.0,0.4734309620369737,0.2702443843213514,0.7903800968544933,0.7926317891373802,0.2044876796511796,0.9252762160362146,0.8460213658146964,0.1187403911885362,0.0,0.0,0.1000000000000005
36,37,2026/01/31 07:14:49,0.3742631099189813,0.2637276303606292,0.000277395052835,0.0,0.4759219491634125,0.2726042726502631,0.7902920373712485,0.7920327476038339,0.2084303924117606,0.925379755397955,0.8462210463258786,0.1196341704065426,0.0,0.0,0.1000000000000005
37,38,2026/01/31 07:15:14,0.3693469452400938,0.2559467998746866,0.0003336581977894,0.0,0.4720700290827705,0.2666238624209794,0.7899508011607698,0.790859624600639,0.2021853670049399,0.9275467243438332,0.8458965654952076,0.1170508680395044,0.0,0.0,0.1000000000000005
38,39,2026/01/31 07:15:39,0.352519936931019,0.2426567983370238,0.0002831900090422,0.0,0.4533209966394467,0.2517188786270138,0.7916389536172056,0.7927316293929713,0.1919781720866791,0.9325524094386604,0.8514376996805112,0.1087455649654895,0.0,0.0,0.1000000000000005
39,40,2026/01/31 07:16:04,0.368636621406284,0.2582690269469072,0.0003125998822959,0.0,0.4690010204863624,0.2682722235163942,0.7905386147407678,0.7924820287539937,0.2041399885242739,0.9276484892772028,0.8464706469648562,0.1161720555025739,0.0,0.0,0.1000000000000005
40,41,2026/01/31 07:16:30,0.3544711594383556,0.2429828025138797,0.0003005670644382,0.0,0.4563413722256121,0.2526009481983444,0.7908975801909693,0.7918580271565495,0.1922109266772818,0.9326069846320838,0.8521116214057508,0.1095341140874468,0.0,0.0,0.1000000000000005
41,42,2026/01/31 07:16:55,0.3568064106729465,0.2450333263832159,0.0003084965713091,0.0,0.4587076046405889,0.2549052167529115,0.7910422189547993,0.7921575479233227,0.1937639216502634,0.9315082686015972,0.8505890575079872,0.1114664973613743,0.0,0.0,0.1000000000000005
42,43,2026/01/31 07:17:20,0.3551810483296458,0.2449942617513501,0.0002761055828207,0.0,0.4565324553380759,0.2538296398215781,0.791253494568907,0.7927066693290735,0.1937851972711353,0.931651454383192,0.853035143769968,0.1116465216341871,0.0,0.0,0.1000000000000005
43,44,2026/01/31 07:17:45,0.3464377044488828,0.2351124445184732,0.0002909079614756,0.0,0.4484539085302871,0.2444214994867388,0.7909606864658026,0.7923572284345048,0.1858918888809772,0.934431247246532,0.8550069888178914,0.1066716891317702,0.0,0.0,0.1000000000000005
44,45,2026/01/31 07:18:10,0.3551828268046577,0.2438055389462568,0.0002946186846759,0.0,0.4571323175780689,0.2532333368167709,0.7916288292065216,0.7926817092651757,0.1929355110889806,0.9325346748668928,0.8514626597444089,0.1094851771387429,0.0,0.0,0.1000000000000005
45,46,2026/01/31 07:18:36,0.3520280328421547,0.2396341461581163,0.0002878957342324,0.0,0.4552092566943397,0.2488468096564753,0.790577226363051,0.7923073083067093,0.1893477879536037,0.931978642750091,0.850514177316294,0.109095690385126,0.0,0.0,0.1000000000000005
46,47,2026/01/31 07:19:01,0.3487664707266865,0.2384123577001376,0.0002864184437415,0.0,0.4499551938555111,0.2475777472884129,0.791275646359014,0.7929063498402555,0.1885623104227617,0.9335588182504184,0.8528354632587859,0.1073863055711737,0.0,0.0,0.1000000000000005
47,48,2026/01/31 07:19:26,0.3417818386333819,0.2334866740833075,0.0002648976351268,0.0,0.4416002794957389,0.2419633975805946,0.7917391210318373,0.7929063498402555,0.1848529006916875,0.936669475735186,0.8572533945686901,0.1046424392527475,0.0,0.0,0.1000000000000005
48,49,2026/01/31 07:19:51,0.3408339660579023,0.2319709843816086,0.0002707364976626,0.0,0.4410333807666461,0.240634551920449,0.7912820764243031,0.7917581869009584,0.1835052462907644,0.9361454204629404,0.8579273162939297,0.1035459794032687,0.0,0.0,0.1000000000000005
49,50,2026/01/31 07:20:16,0.3370804436766682,0.2254016885932642,0.0003053272848203,0.0,0.4389887253602091,0.2351721613742292,0.7900265097237242,0.7909844249201278,0.1780041187001874,0.9386954288513136,0.8582517971246006,0.1008111215508974,0.0,0.0,0.1000000000000005
50,51,2026/01/31 07:20:42,0.2503535546148166,0.1495076904710108,0.000227335228583,0.0,0.3439246914542902,0.1567824176027656,0.7946301710110503,0.795926517571885,0.1186883360052261,0.9604691162276954,0.8868310702875399,0.0689576084669024,0.0,0.0,0.1000000000000005
51,52,2026/01/31 07:21:07,0.2222299149718147,0.1245971768023297,0.0002255867209041,0.0,0.3126438786617864,0.1318159518947902,0.7945538406935744,0.7964007587859425,0.0989153473950422,0.9682395170671872,0.8969149361022364,0.055047285133086,0.0,0.0,0.1000000000000005
52,53,2026/01/31 07:21:32,0.2140450633276765,0.1185785846921582,0.0001901588064597,0.0,0.3034264604552104,0.1246636667178747,0.7961386432662939,0.7978734025559105,0.0942957101705165,0.969343643790236,0.9001597444089456,0.0527544742563186,0.0,0.0,0.1000000000000005
53,54,2026/01/31 07:21:57,0.2064643459150585,0.11037588467637,0.0001962875085528,0.0,0.296271607327385,0.1166570848359848,0.7960475490877803,0.7984724440894568,0.0878046670030005,0.9716612782341224,0.9017821485623004,0.0496205383965287,0.0,0.0,0.1000000000000005
54,55,2026/01/31 07:22:21,0.2099338862985467,0.1135018496051097,0.0002027146006781,0.0,0.2998790550536622,0.1199887167757597,0.7957945911648174,0.7981230031948882,0.0902394351724999,0.9720713618083504,0.901282947284345,0.0490746509325437,0.0,0.0,0.1000000000000005
55,56,2026/01/31 07:22:47,0.2024532933823597,0.1078481273576855,0.0001982370758238,0.0,0.2907148732449681,0.1141917138232495,0.7953206599710848,0.7970497204472844,0.0856345706402113,0.973386819941548,0.9050019968051118,0.0467898178601655,0.0,0.0,0.1000000000000005
56,57,2026/01/31 07:23:12,0.2016097515488204,0.1051474689973143,0.000211310782725,0.0,0.2913100891791212,0.1119094139601761,0.7950580803730998,0.7955770766773163,0.0834242263035223,0.9744015720705635,0.9042282348242812,0.0455886982887174,0.0,0.0,0.1000000000000005
57,58,2026/01/31 07:23:37,0.2160931441206901,0.1185629655973027,0.0002083725106583,0.0,0.3069554017231868,0.1252308860778237,0.7953106385831255,0.7965754792332268,0.094183739816276,0.970718610591401,0.8993360623003195,0.0512047672656159,0.0,0.0,0.1000000000000005
58,59,2026/01/31 07:24:02,0.2235381111693077,0.1280997090172558,0.0002153528032612,0.0,0.31208522296466,0.1349909988205177,0.7952341039340717,0.7972244408945687,0.1016956876499203,0.967317487865972,0.8972394169329073,0.0565162870568779,0.0,0.0,0.1000000000000005
59,60,2026/01/31 07:24:26,0.2128195966156527,0.1163078798129916,0.0002164324799947,0.0,0.3024054735470504,0.1232337192498361,0.7946086596376218,0.7948282747603834,0.0922287491093666,0.971501499509659,0.8995607028753994,0.0501532334501084,0.0,0.0,0.1000000000000005
60,61,2026/01/31 07:24:52,0.2147482685244883,0.11998797891239,0.0002112281194836,0.0,0.3027492587368328,0.126747278806072,0.7960025790019538,0.7977735623003195,0.0954120155697623,0.9705033536536244,0.9014327076677316,0.0517738749936651,0.0,0.0,0.1000000000000005
61,62,2026/01/31 07:25:17,0.2168508672152464,0.1193005117935875,0.0001896932840971,0.0,0.3083310386719414,0.1253706966154872,0.7954905492048294,0.7969249201277955,0.0947558278926073,0.9700751643592176,0.8983376597444089,0.0523638156251595,0.0,0.0,0.1000000000000005
62,63,2026/01/31 07:25:42,0.2206184825720116,0.1225778321964672,0.0002424943969772,0.0,0.3108993120277271,0.1303376528604057,0.7935809803466065,0.7940045926517572,0.0971225334968144,0.9698371805322056,0.8985623003194888,0.0527251120597219,0.0,0.0,0.1000000000000005
63,64,2026/01/31 07:26:06,0.2140163631675342,0.1185922522823841,0.0001831668816524,0.0,0.3035791344916859,0.1244535925515448,0.7959825821197071,0.7981230031948882,0.0942362861130565,0.9711916734235356,0.9010333466453674,0.0516045193214671,0.0,0.0,0.1000000000000005
64,65,2026/01/31 07:26:31,0.2164787113095244,0.1190586678041056,0.0002065416913875,0.0,0.3072894210346971,0.1256680018283403,0.7942176994424277,0.7942541932907349,0.0944875919054777,0.9709076668126896,0.9001347843450479,0.0506724528492258,0.0,0.0,0.1000000000000005
65,66,2026/01/31 07:26:57,0.2244286235338582,0.1271703410298584,0.0002287106541229,0.0,0.3143681639109176,0.1344890822046481,0.793668110149737,0.7948282747603834,0.1008756737799023,0.9671444681505806,0.8963658146964856,0.0560791588153321,0.0,0.0,0.1000000000000005
66,67,2026/01/31 07:27:21,0.2139567619028944,0.1206319774515903,0.0001979309765502,0.0,0.3009477546706367,0.1269657686471748,0.7956459206133224,0.7964007587859425,0.0959387824308281,0.971077035791196,0.903080071884984,0.0506841654535204,0.0,0.0,0.1000000000000005
67,68,2026/01/31 07:27:46,0.2133405037914602,0.1195689955303749,0.0001805625075793,0.0,0.3013340116213686,0.1253469957413669,0.7956517424446325,0.7966503594249201,0.0949683350603134,0.9702523129816634,0.901083266773163,0.0520156259223009,0.0,0.0,0.1000000000000005
68,69,2026/01/31 07:28:11,0.202147512366406,0.1066108940544124,0.0001867839328732,0.0,0.2917070447351224,0.1125879799262784,0.7957660641533117,0.7972244408945687,0.0846774344549725,0.9749718070411072,0.9046026357827476,0.045948797592911,0.0,0.0,0.1000000000000005
69,70,2026/01/31 07:28:35,0.2252893995362729,0.1273441167947012,0.0002180792668998,0.0,0.316256145318857,0.1343226532538097,0.7943096107568223,0.7953524361022364,0.1010587211138905,0.9683136418223762,0.8942442092651757,0.0544779825919923,0.0,0.0,0.1000000000000005
70,71,2026/01/31 07:29:01,0.2175977178179798,0.1197255620191367,0.0002218564171343,0.0,0.3083704687631168,0.1268249674143787,0.7948129424652733,0.7961761182108626,0.0950826023178645,0.9707809696182276,0.8982128594249201,0.0519901126706466,0.0,0.0,0.1000000000000005
71,72,2026/01/31 07:29:26,0.2207641765570488,0.1250361229379337,0.0001951523292237,0.0,0.3102473561375286,0.1312809974347916,0.7951318111282568,0.7966004392971247,0.0992060477693621,0.9687931550958286,0.8984624600638977,0.0540852030983176,0.0,0.0,0.1000000000000005
72,73,2026/01/31 07:29:51,0.2037304151124847,0.1095507855649097,0.0001739275436112,0.0,0.2923443643048929,0.1151164672947444,0.7945379795738683,0.7961012380191693,0.0869426251933597,0.9730661781832052,0.902655750798722,0.04834975713132,0.0,0.0,0.1000000000000005
73,74,2026/01/31 07:30:15,0.2121783294759619,0.1170901496903584,0.0001944171113606,0.0,0.3010451608477309,0.1233114973960307,0.795294354898861,0.7965005990415336,0.0930221290610278,0.9708214124170736,0.9021565495207668,0.0510219536995449,0.0,0.0,0.1000000000000005
74,75,2026/01/31 07:30:40,0.2165452864604255,0.1202838955917202,0.0002254413516911,0.0,0.3055925552075663,0.1274980188439639,0.7945208823718963,0.7954772364217252,0.0955106975457158,0.9703218034281136,0.8997104632587859,0.0518444442449095,0.0,0.0,0.1000000000000005
75,76,2026/01/31 07:31:06,0.1498643948842351,0.0678811669171142,0.0001111059342502,0.0,0.2282922328375398,0.0714365567613286,0.8016320952592185,0.8034644568690096,0.0543139457416991,0.9853106548610968,0.9236970846645368,0.0306534637509586,0.0,0.0,0.1000000000000005
76,77,2026/01/31 07:31:31,0.1290357860918052,0.0532631114387093,0.0001145632714201,0.0,0.2011424354470956,0.0569291363139979,0.802329455892118,0.8045127795527156,0.0426329214322252,0.9890456679530036,0.933805910543131,0.0226428920563798,0.0,0.0,0.1000000000000005
77,78,2026/01/31 07:31:55,0.1169766584595742,0.0428327477906054,0.0001069044629034,0.0,0.1876996260838577,0.0462536906076672,0.8043968393779791,0.8063598242811502,0.034321778028394,0.9917687124337632,0.9377496006389776,0.0184378720709857,0.0,0.0,0.1000000000000005
78,79,2026/01/31 07:32:20,0.1189975124745132,0.0465073283098209,9.30655559421928e-05,0.0,0.1885095991003818,0.0494854260137834,0.8032562212822155,0.8058855830670927,0.0372736344929225,0.9906289114738804,0.9387480031948882,0.0188340976084478,0.0,0.0,0.1000000000000005
79,80,2026/01/31 07:32:45,0.1169766094714117,0.0461071773801153,9.002196619421758e-05,0.0,0.1849653384746454,0.0489878801721186,0.8037305794204005,0.8053863817891374,0.0369185881745724,0.9912831758538756,0.9401208067092652,0.0183153654799793,0.0,0.0,0.1000000000000005
80,81,2026/01/31 07:33:11,0.1158274586279742,0.0442893725266448,9.725155132864925e-05,0.0,0.1842534956031333,0.0474014220708689,0.803096835034343,0.8054612619808307,0.035529532419226,0.9918042206154845,0.9399960063897764,0.0174427326417531,0.0,0.0,0.1000000000000005
81,82,2026/01/31 07:33:35,0.1085390121863482,0.0385680044852435,9.273365266677346e-05,0.0,0.1755425428715757,0.0415354814356603,0.8054097679476387,0.807433107028754,0.0309645170926119,0.9926617671125612,0.941094249201278,0.0163614091912683,0.0,0.0,0.1000000000000005
82,83,2026/01/31 07:34:00,0.1070750727713965,0.0390640780293998,9.070382541915803e-05,0.0,0.1721835448123967,0.0419666004105331,0.8032821938633538,0.8058855830670927,0.0312552792302811,0.9927332313677756,0.9427166533546326,0.0154819518056945,0.0,0.0,0.1000000000000005
83,84,2026/01/31 07:34:25,0.1138461161012085,0.0460822338657899,0.0001023249734819,0.0,0.1783355995893668,0.0493566330846625,0.8051404353147879,0.8075079872204473,0.0369436234836808,0.9909643896471578,0.9415684904153354,0.0178787106597504,0.0,0.0,0.1000000000000005
84,85,2026/01/31 07:34:49,0.1111098336049924,0.0409489895853871,8.468549443439513e-05,0.0,0.1785607419122522,0.0436589254122882,0.8050575427734814,0.807957268370607,0.0329136807745257,0.9920891283419184,0.9403704073482428,0.0167719746579805,0.0,0.0,0.1000000000000005
85,86,2026/01/31 07:35:15,0.1084357427831846,0.0409128043083503,9.5683562192257e-05,0.0,0.1728968077336256,0.0439746783951077,0.8031968017355703,0.8054612619808307,0.0327742403631988,0.9925478542574678,0.9422673722044728,0.0159408041252233,0.0,0.0,0.1000000000000005
86,87,2026/01/31 07:35:40,0.1090640066840206,0.0386064471290134,0.0001122693524951,0.0,0.1759289474413989,0.0421990664949575,0.8037347698364014,0.806484624600639,0.0308985223981757,0.9929134125907582,0.94129392971246,0.0156575632192337,0.0,0.0,0.1000000000000005
87,88,2026/01/31 07:36:04,0.1089605322173133,0.0426596330505566,7.83640605826948e-05,0.0,0.1727537817110459,0.045167283003275,0.8040564147809062,0.8063099041533547,0.0342143789043846,0.9925502835752104,0.9453873801916932,0.0160946923950776,0.0,0.0,0.1000000000000005
88,89,2026/01/31 07:36:29,0.1065240225876672,0.0384466206764998,8.31608325267399e-05,0.0,0.1719402777501188,0.0411077673374392,0.805613894812977,0.8087060702875399,0.0308838156780924,0.9930685050190448,0.9425169728434504,0.0154658841927306,0.0,0.0,0.1000000000000005
89,90,2026/01/31 07:36:54,0.1051173624924767,0.0389592225258699,9.887750400431048e-05,0.0,0.1681114223699409,0.0421233027072522,0.804190954080405,0.8064596645367412,0.0312196214314395,0.9933581721668426,0.9443390575079872,0.0149562125995802,0.0,0.0,0.1000000000000005
90,91,2026/01/31 07:37:20,0.1173065874737482,0.0462626622418483,0.0001102297219147,0.0,0.1848231614850009,0.0497900134505936,0.8029521260017785,0.8048123003194888,0.0370493383822254,0.9912971936094876,0.9389476837060704,0.0179987933796149,0.0,0.0,0.1000000000000005
91,92,2026/01/31 07:37:44,0.1117239400399283,0.0440219122196395,8.597602066558624e-05,0.0,0.1766747355389709,0.0467731448295065,0.8052665720732448,0.8083067092651757,0.0353344163913934,0.9915318304357438,0.9413438498402557,0.0174439844776528,0.0,0.0,0.1000000000000005
92,93,2026/01/31 07:38:09,0.1109814363867996,0.0434783901602696,9.791439781844482e-05,0.0,0.1753512215190611,0.0466116509674051,0.8038409352302551,0.8070836661341853,0.0348327813488535,0.991843217858872,0.941194089456869,0.0169121434245579,0.0,0.0,0.1000000000000005
93,94,2026/01/31 07:38:34,0.1120099122531878,0.0439782123090312,9.608232258723007e-05,0.0,0.1769669776597914,0.0470528466025956,0.8039581429082364,0.8070337460063898,0.0352920627521987,0.9917027015274706,0.9424171325878594,0.0175157907290961,0.0,0.0,0.1000000000000005
94,95,2026/01/31 07:38:58,0.1189030034663959,0.0484577588552531,9.690301255505956e-05,0.0,0.1862473519751058,0.051558655216552,0.8033340019159043,0.8058356629392971,0.0388361051866112,0.990677401661492,0.9382987220447284,0.0189622478491177,0.0,0.0,0.1000000000000005
95,96,2026/01/31 07:39:24,0.1181153992351632,0.0492009195757988,0.0001064502950474,0.0,0.1836234692115182,0.0526073289895281,0.8039905743096203,0.8062849440894568,0.0394155569865514,0.99108953102709,0.9394718450479234,0.018597485350308,0.0,0.0,0.1000000000000005
96,97,2026/01/31 07:39:49,0.1250173876079888,0.0544668746525987,0.0001001584568496,0.0,0.1923628297809975,0.057671945210332,0.8022169760240915,0.8047623801916933,0.0436281689023152,0.9893069196813784,0.9372004792332268,0.0217686566916969,0.0,0.0,0.1000000000000005
97,98,2026/01/31 07:40:13,0.1130210000652665,0.0451194085225391,0.0001075926721834,0.0,0.1774796261764563,0.0485623740686323,0.8049918057057804,0.8077326277955271,0.0363043514556421,0.9913790738239836,0.9413688099041534,0.0180882621502961,0.0,0.0,0.1000000000000005
98,99,2026/01/31 07:40:38,0.1157223514069954,0.0456854344074861,0.0001124983628116,0.0,0.182159320936321,0.0492853820829774,0.802714544363296,0.8052366214057508,0.0365697718552721,0.9915792837310524,0.9400708865814696,0.0178784930188887,0.0,0.0,0.1000000000000005
99,100,2026/01/31 07:41:03,0.1177327705862613,0.049838281281221,0.0001081729692813,0.0,0.1821657251150082,0.053299816313405,0.8031914401739931,0.8057607827476039,0.0399147856775254,0.9907527470741028,0.940145766773163,0.0191874981994707,0.0,0.0,0.1000000000000005
100,101,2026/01/31 07:41:29,0.0854638502323113,0.0285972403793836,3.5691893745815475e-05,0.0,0.1411883193083083,0.0297393810149794,0.8099032116774172,0.8130241613418531,0.0231153858623232,0.9952933714031792,0.9539486821086262,0.0129287862903274,0.0,0.0,0.1000000000000005
101,102,2026/01/31 07:41:53,0.0686880923367251,0.019819843103758,3.086253127276431e-05,0.0,0.1165687406060699,0.0208074441432548,0.8142067866203503,0.8178664137380192,0.0160872638902475,0.9972991781493726,0.9618610223642172,0.0087664700619067,0.0,0.0,0.1000000000000005
102,103,2026/01/31 07:42:18,0.0595384812809693,0.0155064261417252,2.77338616708908e-05,0.0,0.1026830530454651,0.0163939097455848,0.8159328891446416,0.8200379392971247,0.0125952633090329,0.997946377569875,0.9665535143769968,0.0072390188257724,0.0,0.0,0.1000000000000005
103,104,2026/01/31 07:42:43,0.0581523550959964,0.0158388377122652,2.389734132080026e-05,0.0,0.0997011576907132,0.016603552606165,0.8174209044383357,0.8216603434504792,0.0128769172577205,0.9978573838361916,0.9681509584664536,0.006774698249466,0.0,0.0,0.1000000000000005
104,105,2026/01/31 07:43:07,0.0561582613349579,0.0151714482575286,3.0177068807507858e-05,0.0,0.0961794081016089,0.0161371144708603,0.8138979861911494,0.8186900958466453,0.0123352409547236,0.997956597576507,0.9683506389776356,0.0066166153577819,0.0,0.0,0.1000000000000005
105,106,2026/01/31 07:43:33,0.0521526498119004,0.0122717478500006,2.107461114319042e-05,0.0,0.0913591642980092,0.0129461353719115,0.8146707316557058,0.8203374600638977,0.0099593710411673,0.9984077731260476,0.9705720846645368,0.005778261284811,0.0,0.0,0.1000000000000005
106,107,2026/01/31 07:43:58,0.0487699156222394,0.0114563986043127,1.709908314420665e-05,0.0,0.0855362619966649,0.0120035692567404,0.8149307109296512,0.8219349041533547,0.0093056696062437,0.998566349474386,0.9724940095846646,0.0053489704344112,0.0,0.0,0.1000000000000005
107,108,2026/01/31 07:44:22,0.047141945276695,0.0110934674189375,1.3352157828456928e-05,0.0,0.082763153904924,0.0115207364662184,0.818024202848014,0.8244558706070287,0.0090660990659183,0.9986717619073276,0.9726687300319488,0.0050875491659029,0.0,0.0,0.1000000000000005
108,109,2026/01/31 07:44:47,0.0438817745854203,0.0085160755150662,1.1935671786987607e-05,0.0,0.0788655321444042,0.0088980170346189,0.8153024671938472,0.8225089856230032,0.006936889608947,0.9989689478097252,0.974765375399361,0.004663868971651,0.0,0.0,0.1000000000000005
109,110,2026/01/31 07:45:12,0.0434936807928279,0.0087328353315032,1.8866536843775565e-05,0.0,0.0776507972141567,0.0093365645061392,0.8167802358206849,0.8238069089456869,0.0071049002348817,0.9991801381111144,0.9751397763578274,0.0042945967456058,0.0,0.0,0.1000000000000005
110,111,2026/01/31 07:45:38,0.0457215957438793,0.010541745379698,1.991688797546066e-05,0.0,0.0802641057918151,0.0111790858142185,0.8142007092317454,0.8214606629392971,0.0085625028655754,0.998813383685895,0.9735672923322684,0.0046227683615201,0.0,0.0,0.1000000000000005
111,112,2026/01/31 07:46:02,0.0435352020037059,0.009378658951269,1.646765583458024e-05,0.0,0.0771647801432318,0.009905623943774,0.8143395408273886,0.8220097843450479,0.0076277311281345,0.998940071168418,0.9745656948881788,0.0044243387697925,0.0,0.0,0.1000000000000005
112,113,2026/01/31 07:46:27,0.0420967915211432,0.0079317342292088,1.1214417715670255e-05,0.0,0.0759029871852586,0.0082905956115514,0.8172243675484825,0.8246555511182109,0.0064862585506035,0.999156752904764,0.9759884185303516,0.0042092259043452,0.0,0.0,0.1000000000000005
113,114,2026/01/31 07:46:52,0.040666737392866,0.009465579393531,1.0889254016770072e-05,0.0,0.0715194391949584,0.0098140355141553,0.816763371514817,0.8256539536741214,0.0077020629493597,0.9989979836506584,0.9766124201277956,0.0042555215619742,0.0,0.0,0.1000000000000005
114,115,2026/01/31 07:47:16,0.0409755909223311,0.0087447243939025,1.152115893221364e-05,0.0,0.0728377804707604,0.0091134014884575,0.8169808561047807,0.8257537939297125,0.007113237410022,0.999000775357024,0.9763877795527156,0.0041847591252682,0.0,0.0,0.1000000000000005
115,116,2026/01/31 07:47:42,0.0429268578400674,0.0094920431766599,1.5880582950307544e-05,0.0,0.0758534939334796,0.0100002218262491,0.81459951572144,0.8236321884984026,0.0076885630291836,0.9989914044785424,0.97466553514377,0.0043134652650929,0.0,0.0,0.1000000000000005
116,117,2026/01/31 07:48:07,0.0409509543234262,0.0090265712528206,1.7896598069337604e-05,0.0,0.0723026464618861,0.0095992623850667,0.8154991272920237,0.8249800319488818,0.0073330393098235,0.9990570766095536,0.9762879392971248,0.0043778750768746,0.0,0.0,0.1000000000000005
117,118,2026/01/31 07:48:31,0.0440897502945349,0.0096908971591415,1.3501443315858003e-05,0.0,0.0780565570206783,0.0101229433534137,0.8152132759840724,0.8246805111821086,0.0078909990300361,0.9989723443223264,0.9751647364217252,0.0042432383113442,0.0,0.0,0.1000000000000005
118,119,2026/01/31 07:48:56,0.0412934529059492,0.0086185780187217,1.6961401326935405e-05,0.0,0.0734255631385853,0.009161342865231,0.8157531002078193,0.8249051517571885,0.0070492308519887,0.9992163918269708,0.9762130591054312,0.0041013426428583,0.0,0.0,0.1000000000000005
119,120,2026/01/31 07:49:21,0.0386579551409703,0.0079888314605294,8.221095860484037e-06,0.0,0.0690640039926472,0.0082519065332822,0.816713299614172,0.8270267571884984,0.0065301455313357,0.9991588775342264,0.977510982428115,0.0040313392519034,0.0,0.0,0.1000000000000005
120,121,2026/01/31 07:49:46,0.0400738800271821,0.0095409590106743,1.522516570615519e-05,0.0,0.0701195957442632,0.0100281643086133,0.8149303426376928,0.8252296325878594,0.0077410164042212,0.9988163669650166,0.9768370607028752,0.0043593397194418,0.0,0.0,0.1000000000000005
121,122,2026/01/31 07:50:11,0.0387584300839696,0.0089972267454019,1.1246804658280444e-05,0.0,0.0681597355964441,0.0093571245119856,0.8183696947920437,0.8296974840255591,0.0073234942323638,0.9989691020581668,0.9780601038338658,0.0041984651868526,0.0,0.0,0.1000000000000005
122,123,2026/01/31 07:50:36,0.0431694078375213,0.0107117316257149,1.81686926820842e-05,0.0,0.0750456859057132,0.0112931298005718,0.8144678564879079,0.824855231629393,0.0087039054448778,0.99881810083176,0.9759884185303516,0.0045151320344116,0.0,0.0,0.1000000000000005
123,124,2026/01/31 07:51:00,0.0484913939925523,0.0128943486713444,2.7467003357558155e-05,0.0,0.0832094953130609,0.0137732927702343,0.8105699077200966,0.8200379392971247,0.0104165108280833,0.9984680692227884,0.9736421725239616,0.0051381237040193,0.0,0.0,0.1000000000000005
124,125,2026/01/31 07:51:25,0.0485690505818103,0.012277275440655,2.625447289876927e-05,0.0,0.0840206828456336,0.013117418577597,0.812959788706356,0.8232328274760383,0.0099637972409673,0.9982996030737415,0.972019768370607,0.0054410637219469,0.0,0.0,0.1000000000000005
125,126,2026/01/31 07:51:51,0.0355806614111621,0.0076866002185061,8.686846942187338e-06,0.0,0.0631967436242551,0.0079645793237827,0.8190843980914106,0.8308206869009584,0.0062570720167158,0.9993608268305136,0.9792332268370608,0.0041654864073204,0.0,0.0,0.1000000000000005
126,127,2026/01/31 07:52:16,0.028300229346933,0.0061021103455235,1.970368818403633e-06,0.0,0.0504352966347298,0.0061651621521197,0.8239345906641536,0.8358126996805112,0.0050139556037851,0.9995784485302032,0.9840005990415336,0.0036002029806149,0.0,0.0,0.1000000000000005
127,128,2026/01/31 07:52:40,0.0277649459991449,0.0051477734429446,7.450054146162959e-07,0.0,0.0503582783897344,0.0051716136189695,0.8242849107748403,0.8361871006389776,0.0042350650653421,0.999701862518018,0.9842501996805112,0.0032688726257449,0.0,0.0,0.1000000000000005
128,129,2026/01/31 07:53:05,0.0247010070705613,0.0051793877761394,2.430928077138232e-06,0.0,0.0441448366218886,0.005257177474602,0.8268122343590465,0.8405551118210862,0.0042721256145094,0.9996120078495137,0.9857228434504792,0.0032166347797281,0.0,0.0,0.1000000000000005
129,130,2026/01/31 07:53:30,0.0248720880341939,0.0053846510484243,7.928968636098346e-06,0.0,0.0441057979153058,0.005638378040014,0.8242514881843956,0.837734624600639,0.0044405037327446,0.9996130710211806,0.9864466853035144,0.0031716597739595,0.0,0.0,0.1000000000000005
130,131,2026/01/31 07:53:55,0.0223449384362195,0.0047105483922024,2.829933164119533e-06,0.0,0.039888770676578,0.0048011062509073,0.8239716801780481,0.837734624600639,0.003880195091657,0.9996735790667062,0.9875698881789138,0.0029696050433281,0.0,0.0,0.1000000000000005
131,132,2026/01/31 07:54:20,0.0220339175807639,0.0044977635594483,3.055116057832794e-06,0.0,0.0394723079235742,0.0045955272706838,0.8208410041019939,0.8345896565495208,0.003689616123741,0.9997007399321364,0.9880441293929711,0.0029000415192982,0.0,0.0,0.1000000000000005
132,133,2026/01/31 07:54:45,0.0213427262212605,0.0049752586620886,3.79486068602989e-06,0.0,0.0375887582453485,0.0050966942016356,0.8222153807600466,0.8371855031948882,0.004075623760833,0.999669826830538,0.9886930910543132,0.0029594661577191,0.0,0.0,0.1000000000000005
133,134,2026/01/31 07:55:09,0.0194118266728834,0.0042437662782605,6.094757988178233e-07,0.0,0.0345603836664614,0.0042632695044965,0.8235649403672629,0.8402056709265175,0.0034932414729582,0.999792324849211,0.9891423722044728,0.0027998701138154,0.0,0.0,0.1000000000000005
134,135,2026/01/31 07:55:34,0.01782338773555,0.0033282398836859,1.873657090970683e-06,0.0,0.0322585786274744,0.0033881969113176,0.8230768320278619,0.8394568690095847,0.0027326952744894,0.999880283404463,0.9900159744408946,0.0026328355474129,0.0,0.0,0.1000000000000005
135,136,2026/01/31 07:56:00,0.0182457327219351,0.0035622342840765,2.4075424850995925e-06,0.0,0.0328521898928315,0.0036392756410466,0.8250525755623278,0.842801517571885,0.0029386593711029,0.9998529981881285,0.9897414137380192,0.0026311281422813,0.0,0.0,0.1000000000000005
136,137,2026/01/31 07:56:25,0.0195896389273801,0.003721837265292,3.4625660569631533e-06,0.0,0.0353466385853485,0.003832639380248,0.823496405689861,0.8415535143769968,0.003065562691352,0.9998539394844836,0.9893170926517572,0.0026142284558258,0.0,0.0,0.1000000000000005
137,138,2026/01/31 07:56:49,0.0186726011561985,0.0038259858786226,3.544595472612273e-06,0.0,0.033405789340022,0.0039394129359255,0.8232754720285678,0.841004392971246,0.0031538296999713,0.9997646543926324,0.989641573482428,0.0026620310889676,0.0,0.0,0.1000000000000005
138,139,2026/01/31 07:57:14,0.0202669364217216,0.0043647599260742,1.2614456405214723e-06,0.0,0.0361287466521127,0.0044051261868673,0.8201808916113247,0.8384834265175719,0.0035693226467681,0.999728942450624,0.9889426916932909,0.0027499538206587,0.0,0.0,0.1000000000000005
139,140,2026/01/31 07:57:39,0.019470625525019,0.0045876341050687,3.993012461355844e-06,0.0,0.0342258405559264,0.0047154105045258,0.8206132840805541,0.8384085463258786,0.0037546105859146,0.9997599256305268,0.9894668530351438,0.0027239880165287,0.0,0.0,0.1000000000000005
140,141,2026/01/31 07:58:04,0.0170776265280577,0.0031003782108348,3.2882302427367814e-06,0.0,0.0309496514273051,0.0032056015830623,0.8216734071509145,0.8409794329073482,0.0025385609216476,0.999938249968873,0.9899910143769968,0.0024949418951403,0.0,0.0,0.1000000000000005
141,142,2026/01/31 07:58:29,0.016570970545502,0.0038878357710358,1.2272328984663865e-06,0.0,0.0292148338801885,0.0039271072212297,0.8222935355890292,0.8420776757188498,0.0031865514467467,0.9997317094010668,0.9907897364217252,0.0026311878856575,0.0,0.0,0.1000000000000005
142,143,2026/01/31 07:58:54,0.0174907251921729,0.0039749724132874,2.9928776228235728e-06,0.0,0.0309107059660477,0.0040707444978919,0.823083937929842,0.8436002396166135,0.0032681458244344,0.999793692518728,0.9905151757188498,0.0025838888053166,0.0,0.0,0.1000000000000005
143,144,2026/01/31 07:59:18,0.019901023543895,0.0051660774954068,4.07846259506663e-06,0.0,0.034505458756948,0.0052965883048066,0.8186053647019993,0.8390325479233227,0.0042307348784279,0.9996443217554792,0.9896665335463258,0.0027810942259626,0.0,0.0,0.1000000000000005
144,145,2026/01/31 07:59:43,0.0177340375017017,0.0041295309400798,1.3448952015464014e-06,0.0,0.0312955074113445,0.0041725675965221,0.8193719626996464,0.8408047124600639,0.003373913023957,0.9997610609752302,0.9905151757188498,0.0026780706715023,0.0,0.0,0.1000000000000005
145,146,2026/01/31 08:00:09,0.0161890171798535,0.0031905361278631,4.702036730320971e-06,0.0,0.0290370330180282,0.0033410013059731,0.8210597592420852,0.8429263178913738,0.0026127157023194,0.9999109247622018,0.9910642971246006,0.0025137816403305,0.0,0.0,0.1000000000000005
146,147,2026/01/31 08:00:33,0.0185956602541212,0.0041992055325093,5.2569227061878e-06,0.0,0.032823893501938,0.004367427064326,0.8221433667329173,0.8444988019169329,0.0034519882110979,0.9996752453307374,0.9902406150159744,0.0027534290806006,0.0,0.0,0.1000000000000005
147,148,2026/01/31 08:00:58,0.017623282213972,0.0043077220732625,3.126520459627732e-06,0.0,0.0308387936717762,0.0044077707279009,0.8207710632881798,0.8424271166134185,0.0035402033419999,0.999735352901605,0.9908396565495208,0.0026475564065648,0.0,0.0,0.1000000000000005
148,149,2026/01/31 08:01:23,0.0167278631013065,0.0040065705316504,3.328283779096593e-06,0.0,0.0293426506277828,0.0041130756216938,0.8211321649840846,0.8433007188498403,0.0032800521918039,0.9997609651888522,0.9909644568690096,0.0026487055358836,0.0,0.0,0.1000000000000005
149,150,2026/01/31 08:01:47,0.0165664312904313,0.0033328024887691,1.0974304693388676e-06,0.0,0.0297649423859585,0.0033679202603646,0.8230579781075256,0.8469448881789138,0.0027437369642666,0.999883521860019,0.9905401357827476,0.0025090777449839,0.0,0.0,0.1000000000000005
150,151,2026/01/31 08:02:13,0.0150114643676117,0.0036064627812431,2.8638007210289765e-06,0.0,0.0263248243623564,0.0036981044055971,0.8225818017420297,0.8461960862619808,0.0029657932690913,0.9997966598017148,0.9923123003194888,0.0025928405016071,0.0,0.0,0.1000000000000005
151,152,2026/01/31 08:02:38,0.0134837932047097,0.0030469205885078,2.315029925816511e-06,0.0,0.0238465848557365,0.0031210015521953,0.8216123038206619,0.8453724041533547,0.0024985499087179,0.9999099828945562,0.9928614217252396,0.0025007362844208,0.0,0.0,0.1000000000000005
152,153,2026/01/31 08:03:03,0.0126429698117577,0.0030904367756538,2.056468598341188e-06,0.0,0.0221296958178995,0.0031562437736295,0.8242439673350642,0.8489416932907349,0.0025416050391188,0.9998801230622556,0.9936851038338658,0.0024664030230333,0.0,0.0,0.1000000000000005
153,154,2026/01/31 08:03:27,0.0131320398287496,0.0031006992348252,8.247563990141516e-07,0.0,0.0231369882323645,0.0031270914385244,0.8239897620944551,0.8494908146964856,0.0025566844440722,0.9999131188986782,0.9930611022364216,0.0024393159571065,0.0,0.0,0.1000000000000005
154,155,2026/01/31 08:03:52,0.0115415483591155,0.0027046134742274,1.1527202083709363e-06,0.0,0.0203415961562694,0.0027415005199331,0.8235702737451742,0.8489916134185304,0.0022289950628214,0.9999426359566636,0.9942591853035144,0.0023849576391047,0.0,0.0,0.1000000000000005
155,156,2026/01/31 08:04:18,0.0108344856807337,0.0025708290920131,1.7598369261928912e-06,0.0,0.0190418275093998,0.0026271438725239,0.8251346694394803,0.8506389776357828,0.0021207955198737,1.0,0.9944588658146964,0.002312514246977,0.0,0.0,0.1000000000000005
156,157,2026/01/31 08:04:42,0.0123531275001851,0.0031472438107283,1.987825781455172e-06,0.0,0.0214954007516641,0.0032108542368042,0.8267630633835594,0.8547573881789138,0.0025990431397088,0.9999411068023584,0.993560303514377,0.0023972580414681,0.0,0.0,0.1000000000000005
157,158,2026/01/31 08:05:07,0.010392175310443,0.0028821210426757,5.012392482505686e-06,0.0,0.0177418330071357,0.0030425176007327,0.8247675728112364,0.8509884185303515,0.0023802155424236,0.9999424344815384,0.9950579073482428,0.0023536042279798,0.0,0.0,0.1000000000000005
158,159,2026/01/31 08:05:32,0.0119512424999163,0.0032059511555858,2.962277686658225e-06,0.0,0.0206017409824727,0.0033007440400479,0.8275149529353498,0.8559305111821086,0.0026533285787436,0.9998542352225452,0.99430910543131,0.0024646694337526,0.0,0.0,0.1000000000000005
159,160,2026/01/31 08:05:56,0.0110258677380736,0.0029461644374179,6.226391560747102e-07,0.0,0.0190856465340827,0.00296608888925,0.8271185748112468,0.8552066693290735,0.0024398973411746,0.9999141563622715,0.9946585463258786,0.0024121053194769,0.0,0.0,0.1000000000000005
160,161,2026/01/31 08:06:22,0.0119377890372642,0.0033077295470131,6.056718824821929e-07,0.0,0.0205484670430671,0.0033271110481984,0.8258700315563824,0.8534345047923323,0.0027389054033405,0.9998272377462052,0.9942591853035144,0.0024774576791713,0.0,0.0,0.1000000000000005
161,162,2026/01/31 08:06:47,0.0104451859347557,0.002558629090612,2.118529684471483e-06,0.0,0.0182639498043412,0.0026264220417384,0.8241723699691578,0.8524361022364217,0.0021069849786994,1.0,0.9947583865814696,0.0023116923760051,0.0,0.0,0.1000000000000005
162,163,2026/01/31 08:07:11,0.0097272499634054,0.0028042778318462,1.4149402222409308e-07,0.0,0.0166456943434386,0.0028088056432535,0.8257510199333532,0.8533845846645367,0.0023140725058565,0.999942172830478,0.9954323083067091,0.0023437219459158,0.0,0.0,0.1000000000000005
163,164,2026/01/31 08:07:36,0.0103933310073714,0.0025732435636406,1.2596380479509957e-06,0.0,0.0181731099951655,0.0026135519827558,0.826110130300918,0.8556309904153354,0.0021245952486581,0.999941378355788,0.9945337460063898,0.0023739584862959,0.0,0.0,0.1000000000000005
164,165,2026/01/31 08:08:01,0.0115684145130217,0.0038506645737543,2.216456418802508e-06,0.0,0.0192152377836906,0.0039215911835872,0.8256970685891831,0.8558057108626198,0.0031714724520364,0.9997369831743332,0.9945337460063898,0.0025456047203308,0.0,0.0,0.1000000000000005
165,166,2026/01/31 08:08:27,0.0124730159217616,0.0044053199365526,3.036527909361162e-06,0.0,0.020443542986162,0.004502488830954,0.8241792144105077,0.8534844249201278,0.0036306730795133,0.9997062698339882,0.9940595047923324,0.002605263632499,0.0,0.0,0.1000000000000005
166,167,2026/01/31 08:08:51,0.0101952986388553,0.0026633132761641,9.297920236111184e-07,0.0,0.0176975306751319,0.0026930666208035,0.8238307727030671,0.8530101837060703,0.0021901529921313,0.9999686774735252,0.994733426517572,0.0023568473156011,0.0,0.0,0.1000000000000005
167,168,2026/01/31 08:09:16,0.0098451939411461,0.0028160575981112,8.142316337163187e-07,0.0,0.0168482749209629,0.0028421130104246,0.8231849628515517,0.8521116214057508,0.0023186136682044,0.999941378355788,0.9953075079872205,0.0023507049869591,0.0,0.0,0.1000000000000005
168,169,2026/01/31 08:09:40,0.0093079794870731,0.0024116443084796,1.0026561749356868e-06,0.0,0.0161722296842942,0.0024437293069609,0.8233869336664487,0.8537340255591054,0.0019854654081183,1.0,0.9952825479233228,0.0022849753315295,0.0,0.0,0.1000000000000005
169,170,2026/01/31 08:10:05,0.0098727636504918,0.0028603354189247,1.1090990512138309e-06,0.0,0.0168497006560619,0.0028958265891316,0.8249997275705916,0.8556309904153354,0.002364500673092,0.9999146659534198,0.9950828674121406,0.0023559349545905,0.0,0.0,0.1000000000000005
170,171,2026/01/31 08:10:31,0.0090263786736114,0.0024473454636601,3.314245559229236e-07,0.0,0.0155948063175673,0.002457951048996,0.8229005405316338,0.8527106629392971,0.002013500521745,0.9999704176244644,0.9952825479233228,0.0022929385862351,0.0,0.0,0.1000000000000005
171,172,2026/01/31 08:10:56,0.008336442728756,0.0024468541214504,1.0430130813757094e-06,0.0,0.0141926549238185,0.0024802305385285,0.8238207720719968,0.8548821884984026,0.0020160336536876,1.0,0.9964806309904152,0.0022859521918355,0.0,0.0,0.1000000000000005
172,173,2026/01/31 08:11:20,0.0092329402995733,0.0028516140587169,9.190973498724012e-07,0.0,0.0155848554981211,0.0028810251728087,0.8227305210436495,0.8547324281150159,0.0023581896631118,0.999915675804638,0.9956070287539937,0.0023488831455661,0.0,0.0,0.1000000000000005
173,174,2026/01/31 08:11:45,0.0093734544335891,0.0028145521467837,1.65899563436627e-06,0.0,0.0158792688398244,0.0028676400061536,0.8229430519734708,0.8546076277955271,0.0023121503263581,0.9999106947225505,0.9954822284345048,0.0023710663856629,0.0,0.0,0.1000000000000005
174,175,2026/01/31 08:12:10,0.0091850586702672,0.0025311113757709,2.379222784033316e-06,0.0,0.015762870826315,0.0026072465052929,0.8223726204789865,0.8539087460063898,0.0020800624139452,0.999970689177894,0.9949830271565496,0.0022943853508508,0.0,0.0,0.1000000000000005
175,176,2026/01/31 08:12:35,0.0094714060555191,0.0026848372819568,1.6309641998636123e-06,0.0,0.0162057839029025,0.0027370281393279,0.824425502326161,0.856529552715655,0.0022165436961929,0.9999426913718444,0.995132787539936,0.0023300780400711,0.0,0.0,0.1000000000000005
176,177,2026/01/31 08:13:00,0.008360041163344,0.0024799423652311,3.237822322927631e-07,0.0,0.0142297789353294,0.0024903033965657,0.8247259356343327,0.8572034744408946,0.002045856965795,1.0,0.9960563099041534,0.0022511811857781,0.0,0.0,0.1000000000000005
177,178,2026/01/31 08:13:25,0.0092626061698142,0.002770935053217,1.7244081539446867e-06,0.0,0.0156990962419896,0.002826116112888,0.8251850313652819,0.8578274760383386,0.0022896018315154,0.9999416154413558,0.9956319888178914,0.002325315174971,0.0,0.0,0.1000000000000005
178,179,2026/01/31 08:13:49,0.007553842486278,0.0023632376345421,9.271297961403414e-07,0.0,0.0127147791852145,0.0023929057869697,0.8240790416638311,0.8566793130990416,0.0019473150638809,1.0,0.996630391373802,0.0022676252472116,0.0,0.0,0.1000000000000005
179,180,2026/01/31 08:14:14,0.0087469141460217,0.0028516626570927,5.500943469003094e-07,0.0,0.0146245626128686,0.0028692656758274,0.8248785800827197,0.8581519568690096,0.0023472686949075,0.9999120069768864,0.9960313498402557,0.0023377339259688,0.0,0.0,0.1000000000000005
180,181,2026/01/31 08:14:40,0.0079523409380556,0.0025084880437291,1.3079030793687417e-06,0.0,0.0133543409133395,0.0025503409423154,0.8258723300485946,0.8598242811501597,0.0020734017726759,0.9999426913718444,0.9960563099041534,0.0023060402782342,0.0,0.0,0.1000000000000005
181,182,2026/01/31 08:15:04,0.0087873449983497,0.0031300640844266,5.384474215052926e-07,0.0,0.0144273955456781,0.0031472944019261,0.8243103347266444,0.8580271565495208,0.0025808609339197,0.9998848162139186,0.9961561501597443,0.0023921484829851,0.0,0.0,0.1000000000000005
182,183,2026/01/31 08:15:29,0.0080374004021763,0.0029101794817672,3.847764464052788e-07,0.0,0.0131523084734527,0.0029224923279243,0.824043833028775,0.857577875399361,0.0023947621523863,0.999883551186266,0.9965305511182108,0.0023777432573852,0.0,0.0,0.1000000000000005
183,184,2026/01/31 08:15:54,0.0077431939569072,0.0023737138240618,1.1978537835044864e-07,0.0,0.0131088409709711,0.0023775469566049,0.8252779938542424,0.859799321086262,0.0019593456170161,1.0,0.996405750798722,0.0022450839630521,0.0,0.0,0.1000000000000005
184,185,2026/01/31 08:16:19,0.0076478500381861,0.0025986983770349,2.836650703110341e-06,0.0,0.0126062288505438,0.0026894711986773,0.823432372591366,0.8574031549520766,0.0021419043127542,0.9999709555897088,0.9967801517571884,0.0022877176621774,0.0,0.0,0.1000000000000005
185,186,2026/01/31 08:16:44,0.0073083593181301,0.0023971591129922,7.151987035602581e-07,0.0,0.0121966732119897,0.0024200454741097,0.8251317012043425,0.8600988418530351,0.0019785198037134,1.0,0.9967551916932909,0.0022499358985192,0.0,0.0,0.1000000000000005
186,187,2026/01/31 08:17:09,0.0066229863272319,0.0025015135824579,1.0980273374046669e-06,0.0,0.0107093221915606,0.0025366504558365,0.8240753362734858,0.8586012380191693,0.0020618828068585,0.9999712172407692,0.9973043130990416,0.0022826392371683,0.0,0.0,0.1000000000000005
187,188,2026/01/31 08:17:34,0.0078952651784811,0.0026316460219774,1.1616498795048098e-06,0.0,0.0131217115156995,0.0026688188170871,0.8247050911473771,0.8593250798722045,0.0021721005273131,0.9999714741310752,0.996630391373802,0.0022856430515063,0.0,0.0,0.1000000000000005
188,189,2026/01/31 08:17:58,0.0080071865921667,0.0028406622121854,1.357368907317919e-06,0.0,0.0131302751353778,0.0028840980177132,0.826134221241497,0.8622703674121406,0.0023479106499048,0.9999712172407692,0.9962809504792332,0.0022937010883683,0.0,0.0,0.1000000000000005
189,190,2026/01/31 08:18:23,0.0082266439933674,0.0027616173240948,5.743223044460798e-07,0.0,0.0136732922579807,0.0027799956383742,0.8254250786936702,0.8609225239616614,0.0022829948313022,0.9999426822311962,0.996405750798722,0.0022823836798735,0.0,0.0,0.1000000000000005
190,191,2026/01/31 08:18:49,0.0075721559367669,0.0026353576544898,2.498704725698685e-07,0.0,0.0125009583713956,0.0026433535095768,0.8257379668970077,0.8617212460063898,0.0021729494148222,0.9999709555897088,0.9969049520766772,0.0022785657813724,0.0,0.0,0.1000000000000005
191,192,2026/01/31 08:19:13,0.0068659258838266,0.0023066912392398,9.22789319757342e-07,0.0,0.0113956312657878,0.0023362204981461,0.8264544592878689,0.864541733226837,0.0019064453157474,1.0,0.997054712460064,0.002260842760757,0.0,0.0,0.1000000000000005
192,193,2026/01/31 08:19:38,0.007271165069871,0.0026026734544452,2.254175385075905e-06,0.0,0.0118675230743405,0.0026748070635419,0.8267838400773728,0.8637430111821086,0.0021559065445876,0.9999719745815752,0.996630391373802,0.0022953810931269,0.0,0.0,0.1000000000000005
193,194,2026/01/31 08:20:03,0.0069714408225049,0.0023449942180976,1.7630090573824909e-06,0.0,0.0115414711307531,0.0024014105083057,0.8268341313535794,0.864441892971246,0.0019388112887448,1.0,0.9967801517571884,0.0022558796765526,0.0,0.0,0.1000000000000005
194,195,2026/01/31 08:20:27,0.0081412673477059,0.0026599825705779,1.7641746053530182e-06,0.0,0.0135660985151466,0.0027164361568334,0.8284389932696431,0.8663638178913738,0.0022018176560013,0.9999704176244644,0.9965555111821086,0.0022818286052961,0.0,0.0,0.1000000000000005
195,196,2026/01/31 08:20:53,0.0074733892089714,0.0026526243750232,1.2334895248200637e-06,0.0,0.0122546823695302,0.0026920960417178,0.8282252426345509,0.8660642971246006,0.0021956435608537,0.9999431918223444,0.9965804712460063,0.0023106427304595,0.0,0.0,0.1000000000000005
196,197,2026/01/31 08:21:18,0.0076533313647222,0.0028407011324682,2.211339647103229e-06,0.0,0.0123951987492831,0.0029114640006176,0.8261754699408437,0.8634185303514377,0.0023515758237774,0.9999156539051678,0.9968799920127795,0.00233272634582,0.0,0.0,0.1000000000000005
197,198,2026/01/31 08:21:42,0.0070525501153994,0.0026263220394893,1.2001405533947248e-06,0.0,0.0114403737087052,0.002664726536227,0.8261323209387806,0.8633935702875399,0.0021660331582364,0.9999408352489288,0.9971295926517572,0.0023253090581454,0.0,0.0,0.1000000000000005
198,199,2026/01/31 08:22:07,0.0065052576880818,0.0024996415537874,5.135750731156781e-07,0.0,0.0104944394624676,0.0025160759568404,0.8263619008917398,0.8639426916932907,0.0020652744084441,0.9999709555897088,0.9972793530351438,0.0022814650093755,0.0,0.0,0.1000000000000005
199,200,2026/01/31 08:22:32,0.007516035865159176,0.002802392526250035,6.074993644378033e-07,0.0,0.012210239193583735,0.0028218325103273076,0.8267724946284065,0.8650908546325878,0.0023154875110334957,0.9999129136149495,0.9966553514376997,0.00233709126838837,0.0,0.0,0.10000000000000056
