method,seed,alpha,tau_hat,cal_accepted_loss_mass,test_accepted_loss_mass,test_selective_risk,test_coverage,test_selective_acc,test_abstention_rate,violation_gap,violated,auroc,aupr,rc_auc_alm,rc_auc_risk,conservativeness,oracle_coverage,coverage_efficiency,ood_accept_rate,dar,safety_ratio,dataset,temperature
CRC-Select,42,0.01,0.9409409165382384,0.0096354456618428,0.0101273823529481,0.0132887847721576,0.7620999813079834,0.9880592823028564,0.2379000186920166,0.0001273823529481,True,0.914889330345377,0.4946450535473923,0.0129012188290763,0.0147593484749207,0.0005049810186028,0.7595999836921692,0.9819641802442614,0.0247387830168008,0.0247387830168008,30.80586756154262,cifar10,
CRC-Select,42,0.02,0.3693693578243255,0.0197513997554779,0.0158580485731363,0.0194124728441238,0.8169000148773193,0.9820051193237304,0.1830999851226806,0.0,False,0.9147676190035982,0.5035099379886585,0.0129775490364074,0.0150734480754384,0.0001867455244064,0.84170001745224,0.989782587158779,0.0728334337472915,0.0728334337472915,11.216001507654884,cifar10,
CRC-Select,42,0.05,5.613403482129797e-05,0.0496260337531566,0.0494888573884964,0.0534090846776962,0.9265999794006348,0.9488452672958374,0.0734000205993652,0.0,False,0.9157615040066676,0.5113723528743376,0.0134359819377605,0.0148446002245557,0.0042961753904819,0.8802000284194946,1.0458986222673248,0.6136677861213684,0.6136677861213684,1.5099374372537158,cifar10,
CRC-Select,42,0.1,0.0,0.0898616984486579,0.0910737961530685,0.0910737961530685,1.0,0.913100004196167,0.0,0.0,False,0.9168311417534748,0.4830402118789634,0.0132326678935177,0.0150852457575615,0.0097040742635726,1.0,1.0,1.0,1.0,0.9999999900000002,cifar10,
CRC-Select,42,0.15,0.0,0.0908440798521041,0.0892407819628715,0.0892407819628715,1.0,0.9153000116348268,0.0,0.0,False,0.9149490151099162,0.484360589239451,0.0129981745935552,0.0149234616159527,0.0594907045364379,1.0,1.0,1.0,1.0,0.9999999900000002,cifar10,
CRC-Select,42,0.2,0.0,0.0897598639130592,0.090872511267662,0.090872511267662,1.0,0.9126999974250792,0.0,0.0,False,0.9154248983197644,0.5037458353554919,0.013124825314115,0.0147518227823444,0.10834292024374,1.0,1.0,1.0,1.0,0.9999999900000002,cifar10,
CRC-Select,123,0.01,0.7837837934494019,0.0097061665728688,0.0137045793235301,0.0169317759573459,0.8094000220298767,0.9844329357147216,0.1905999779701233,0.0037045793235301,True,0.9024136492574668,0.464445979237273,0.0122628199861123,0.0141699523164142,-0.0016841830313205,0.0,0.0,,,,cifar10,
CRC-Select,123,0.02,0.0170170161873102,0.0196985155344009,0.0261066891252994,0.029987009242177,0.8705999851226807,0.9715139269828796,0.1294000148773193,0.0061066891252994,True,0.9055260640841702,0.479191471921179,0.0129991846409424,0.0151642730211666,-0.004076659232378,0.8515999913215637,1.0187882017237893,,,,cifar10,
CRC-Select,123,0.05,1.9631272152764723e-05,0.0497517623007297,0.0577596686780452,0.060620978474617,0.9527999758720398,0.9414357542991638,0.0472000241279602,0.0077596686780452,True,0.900635011184003,0.4738209160995776,0.0127426568704827,0.0137506678072396,-0.0056122250854969,0.8934000134468079,1.0685023082288634,,,,cifar10,
CRC-Select,123,0.1,0.0,0.0776572525501251,0.0844289287924766,0.0844289287924766,1.0,0.9186000227928162,0.0,0.0,False,0.9072194039535646,0.5046169682799081,0.0126064278136437,0.0145883045397184,0.0143802002072334,1.0,1.0,,,,cifar10,
CRC-Select,123,0.15,0.0,0.0778106898069381,0.0828931555151939,0.0828931555151939,1.0,0.920799970626831,0.0,0.0,False,0.905743742814768,0.4869862592572302,0.0119961967800363,0.0146381237235266,0.0672407016158103,1.0,1.0,,,,cifar10,
CRC-Select,123,0.2,0.0,0.0766262263059616,0.0843107625842094,0.0843107625842094,1.0,0.9210000038146972,0.0,0.0,False,0.9050019928806056,0.4686438509074467,0.0123733316391407,0.0142200546085702,0.1188043922185898,1.0,1.0,,,,cifar10,
CRC-Select,456,0.01,0.9109109044075012,0.0096569303423166,0.0102673815563321,0.0129442531615495,0.7932000160217285,0.9884014129638672,0.2067999839782714,0.0002673815563321,True,0.9033507316924616,0.4358934047231455,0.0109761341037047,0.0123559310748795,-0.0010803861171007,0.7911999821662903,1.0123862703500108,,,,cifar10,
CRC-Select,456,0.02,0.157157152891159,0.0197904054075479,0.0167855061590671,0.0198692064732313,0.8447999954223633,0.9815340638160706,0.1552000045776367,0.0,False,0.9076323623839824,0.4876514449425852,0.011364842344454,0.0125649679816831,0.0001786001771688,0.8632000088691711,0.9902687408512016,,,,cifar10,
CRC-Select,456,0.05,2.535809289838653e-05,0.0497973747551441,0.0442251823842525,0.0470480658113956,0.9399999976158142,0.9553191661834716,0.0600000023841857,0.0,False,0.9076172931273958,0.4505124584782913,0.0112221373421673,0.0125419687885548,0.0056368701159954,0.8912000060081482,1.0558796885068775,,,,cifar10,
CRC-Select,456,0.1,0.0,0.0809361040592193,0.080290637910366,0.080290637910366,1.0,0.9243999719619752,0.0,0.0,False,0.913529496610414,0.4775792353100514,0.0116641132553326,0.012874262960574,0.0212693125009536,1.0,1.0,,,,cifar10,
CRC-Select,456,0.15,0.0,0.0827925130724906,0.0753398165106773,0.0753398165106773,1.0,0.9283999800682068,0.0,0.0,False,0.9073262945320718,0.4674340743142902,0.0116077759081243,0.0124761569551478,0.0708158329129219,1.0,1.0,,,,cifar10,
CRC-Select,456,0.2,0.0,0.0842731148004531,0.077405072748661,0.077405072748661,1.0,0.9264000058174132,0.0,0.0,False,0.9086699566343772,0.4846116818370505,0.0108047977042095,0.0125888623121032,0.1214842393994331,1.0,1.0,,,,cifar10,
CRC-Select,999,0.01,0.846523106098175,0.0096846325322985,0.013061499223113,0.0164130423218011,0.795799970626831,0.984920859336853,0.2042000293731689,0.003061499223113,True,0.9055791479824544,0.4618354607250746,0.0122083149318871,0.0142735989160556,-0.0022354123741388,0.0,0.0,,,,cifar10,
CRC-Select,999,0.02,0.0276065859943628,0.0196749586611986,0.0220593940466642,0.0256028268486261,0.8615999817848206,0.9758588671684264,0.1384000182151794,0.0020593940466642,True,0.902042711234912,0.4454861271515144,0.0122195548942934,0.0139754935610867,-0.0016164011508226,0.8443999886512756,1.0116058941399189,,,,cifar10,
CRC-Select,999,0.05,1.3076843970338814e-05,0.0497522391378879,0.0485905148088932,0.0513424724340438,0.946399986743927,0.9518173933029176,0.053600013256073,0.0,False,0.9011167414800978,0.4481111021971335,0.0121727601148989,0.0139217911460499,0.0023239620029926,0.8855999708175659,1.0623306709116804,,,,cifar10,
CRC-Select,999,0.1,0.0,0.0808659270405769,0.0780319273471832,0.0780319273471832,1.0,0.9265999794006348,0.0,0.0,False,0.9033859099894078,0.4541419651749873,0.0122210039522096,0.0145221077626715,0.0207961559295654,1.0,1.0,,,,cifar10,
CRC-Select,999,0.15,0.0,0.0782251805067062,0.0773169249296188,0.0773169249296188,1.0,0.9276000261306764,0.0,0.0,False,0.9065326905529388,0.4561744458778233,0.0123617914284839,0.0128901622625575,0.071148657798767,1.0,1.0,,,,cifar10,
CRC-Select,999,0.2,0.0,0.0813223868608474,0.0772523507475853,0.0772523507475853,1.0,0.9277999997138976,0.0,0.0,False,0.9043216640323308,0.438813995552932,0.0128218828981028,0.0139109915101477,0.1216311126947403,1.0,1.0,,,,cifar10,
vanilla,42,0.01,0.8778778910636902,0.0096690747886896,0.0118650896474719,0.0151960672810673,0.7807999849319458,0.9861680269241332,0.2192000150680542,0.0018650896474719,True,0.9051902667825716,0.4841321064081735,0.0132603088009779,0.0146838471250986,-0.0013617982715368,0.7652000188827515,1.0185572030871652,,,,cifar10,
vanilla,42,0.02,0.0238343495875597,0.019677136093378,0.0238502249121665,0.0279800873249769,0.852400004863739,0.973486602306366,0.147599995136261,0.0038502249121665,True,0.9051346004378876,0.4886599230431573,0.012746744167682,0.0150170734535004,-1.280896365642506e-05,0.8416000008583069,0.998930572557996,,,,cifar10,
vanilla,42,0.05,6.375131306413096e-06,0.0496881492435932,0.0554010197520256,0.0587809234857559,0.9424999952316284,0.9438726902008056,0.0575000047683715,0.0054010197520256,True,0.9116704746331264,0.4936957377728496,0.012930720838398,0.0156300695959736,-0.007162769138813,0.8756999969482422,1.0803928284388142,,,,cifar10,
vanilla,42,0.1,0.0,0.0832596123218536,0.0884725674986839,0.0884725674986839,1.0,0.915499985218048,0.0,0.0,False,0.9052224186350136,0.4842728028376863,0.0138608707117785,0.0151131101577161,0.0112732633948326,1.0,1.0,,,,cifar10,
vanilla,42,0.15,0.0,0.0833097323775291,0.0890350565314292,0.0890350565314292,1.0,0.9144999980926514,0.0,0.0,False,0.905640892828024,0.4966248890476756,0.0126530078675888,0.0149024523023113,0.0598337590694427,1.0,1.0,,,,cifar10,
vanilla,42,0.2,0.0,0.0817004367709159,0.0876858308911323,0.0876858308911323,1.0,0.9168999791145324,0.0,0.0,False,0.9057597285049463,0.4621390089270029,0.0129636505346579,0.0150371654762152,0.1115323945879936,1.0,1.0,,,,cifar10,
vanilla,123,0.01,0.9481327533721924,0.0096393097192049,0.0088283875957131,0.0115283196792006,0.7657999992370605,0.9898145794868468,0.2342000007629394,0.0,False,0.9155979710551856,0.4777755401379927,0.0119114331161646,0.0139229400634471,0.0015692964568734,0.7871999740600586,0.9725610402464628,,,,cifar10,
vanilla,123,0.02,0.0222330652177333,0.0196506902575492,0.0200339499861001,0.023547189310193,0.8507999777793884,0.977903127670288,0.1492000222206115,3.394998610019642e-05,True,0.9153149438557427,0.4652505417128283,0.0124911658107856,0.0133481145619237,-0.0014541479945182,0.8574000000953674,0.9993002328501956,,,,cifar10,
vanilla,123,0.05,3.091666712862206e-06,0.0497095584869384,0.0551345199346542,0.0581710487604141,0.9477999806404114,0.9445030689239502,0.0522000193595886,0.0051345199346542,True,0.91496497937587,0.4852357353687054,0.0124933493242291,0.0132261041568781,-0.0043326921761035,0.8748000264167786,1.0871055629705542,,,,cifar10,
vanilla,123,0.1,0.0,0.0762374997138977,0.0861959308385849,0.0861959308385849,1.0,0.91839998960495,0.0,0.0,False,0.9118920052777209,0.4854028296103616,0.0115872643364463,0.0139220349479866,0.0155593663454055,1.0,1.0,,,,cifar10,
vanilla,123,0.15,0.0,0.0755037292838096,0.081807255744934,0.081807255744934,1.0,0.9236000180244446,0.0,0.0,False,0.916397309412973,0.4577124751580724,0.0119061000512721,0.0133459770301997,0.0639535874128341,1.0,1.0,,,,cifar10,
vanilla,123,0.2,0.0,0.0733289122581482,0.0836099609732627,0.0836099609732627,1.0,0.9205999970436096,0.0,0.0,False,0.9203561252080152,0.5025451840719337,0.0121783578451327,0.014018703364943,0.1155017808079719,1.0,1.0,,,,cifar10,
vanilla,456,0.01,0.954991340637207,0.0097095798701047,0.0071215955540537,0.0098609747365117,0.7221999764442444,0.9914151430130004,0.2778000235557556,0.0,False,0.9117161687129234,0.4581406002138383,0.0107298178608857,0.0126934657529644,0.0022690032981336,0.0,0.0,,,,cifar10,
vanilla,456,0.02,0.0810810774564743,0.0196085013449192,0.0185460522770881,0.0217370521277189,0.8532000184059143,0.9796062111854552,0.1467999815940857,0.0,False,0.9138478034590756,0.4778490395737256,0.0114765977758331,0.0133371815651275,0.0010535982251167,0.8646000027656555,0.9868147301373176,,,,cifar10,
vanilla,456,0.05,2.6129515390493907e-05,0.0497250482439994,0.0422349870204925,0.0451517924666404,0.9354000091552734,0.956809937953949,0.0645999908447265,0.0,False,0.9136166253101736,0.4780429214751916,0.0108733214909289,0.0128457208319428,0.0061226442456245,0.8912000060081482,1.0502692809688163,,,,cifar10,
vanilla,456,0.1,0.0,0.0809762179851532,0.0785656049847602,0.0785656049847602,1.0,0.9259999990463256,0.0,0.0,False,0.9130398108691844,0.4822347995230081,0.0113924330327554,0.013055705170832,0.0190755635499954,1.0,1.0,,,,cifar10,
vanilla,456,0.15,0.0,0.0795181840658187,0.079759657382965,0.079759657382965,1.0,0.9246000051498412,0.0,0.0,False,0.918380075174812,0.4722622009891165,0.0112690629354589,0.012371700066882,0.0700420603156089,1.0,1.0,,,,cifar10,
vanilla,456,0.2,0.0,0.079286977648735,0.0802095308899879,0.0802095308899879,1.0,0.9241999983787536,0.0,0.0,False,0.9092470475784806,0.4589727357304661,0.0109139252099609,0.0129128606938087,0.1208498895168304,1.0,1.0,,,,cifar10,
vanilla,999,0.01,0.913913905620575,0.0096685755997896,0.0118539920076727,0.015073743648827,0.7864000201225281,0.986266553401947,0.2135999798774719,0.0018539920076727,True,0.909098030488237,0.4471407511348851,0.0123198269178518,0.0140871432246159,-0.0044951250404119,0.7748000025749207,1.042849800526764,,,,cifar10,
vanilla,999,0.02,0.0478780679404735,0.0196295715868473,0.022220766171813,0.0259952805936336,0.8547999858856201,0.9754328727722168,0.1452000141143798,0.002220766171813,True,0.9095688035563808,0.4674111635939623,0.0126916553634326,0.0131377114078562,-0.0012416499853134,0.8425999879837036,1.0161405079424994,,,,cifar10,
vanilla,999,0.05,7.200599156931276e-06,0.0496337786316871,0.0539984852075576,0.0570567287504673,0.946399986743927,0.94590026140213,0.053600013256073,0.0039984852075576,True,0.8994351431271359,0.4183260220222217,0.0126661520970355,0.014642106388232,-0.0007041215896606,0.8812000155448914,1.0696777067607102,,,,cifar10,
vanilla,999,0.1,0.0,0.0797575637698173,0.0834580734372139,0.0834580734372139,1.0,0.9229999780654908,0.0,0.0,False,0.908338140732507,0.4430399974603143,0.0126902355069475,0.0145719708578422,0.0175050631165504,1.0,1.0,,,,cifar10,
vanilla,999,0.15,0.0,0.0793601348996162,0.0830785408616066,0.0830785408616066,1.0,0.9225999712944032,0.0,0.0,False,0.90301115093789,0.4217776817337556,0.0126783230084387,0.014509517898968,0.0672339141368865,1.0,1.0,,,,cifar10,
vanilla,999,0.2,0.0,0.0794837474822998,0.0835181400179863,0.0835181400179863,1.0,0.9225999712944032,0.0,0.0,False,0.9086585993633316,0.4268785694278302,0.0130805333204611,0.0142238125257039,0.1157986566424369,1.0,1.0,,,,cifar10,
posthoc_crc,42,0.01,0.8778778910636902,0.0096690747886896,0.0118650896474719,0.0151960672810673,0.7807999849319458,0.9861680269241332,0.2192000150680542,0.0018650896474719,True,0.9051902667825716,0.4841321064081735,0.0132603088009779,0.0146838471250986,-0.0013617982715368,0.7652000188827515,1.0185572030871652,,,,cifar10,
posthoc_crc,42,0.02,0.0238343495875597,0.019677136093378,0.0238502249121665,0.0279800873249769,0.852400004863739,0.973486602306366,0.147599995136261,0.0038502249121665,True,0.9051346004378876,0.4886599230431573,0.012746744167682,0.0150170734535004,-1.280896365642506e-05,0.8416000008583069,0.998930572557996,,,,cifar10,
posthoc_crc,42,0.05,6.375131306413096e-06,0.0496881492435932,0.0554010197520256,0.0587809234857559,0.9424999952316284,0.9438726902008056,0.0575000047683715,0.0054010197520256,True,0.9116704746331264,0.4936957377728496,0.012930720838398,0.0156300695959736,-0.007162769138813,0.8756999969482422,1.0803928284388142,,,,cifar10,
posthoc_crc,42,0.1,0.0,0.0832596123218536,0.0884725674986839,0.0884725674986839,1.0,0.915499985218048,0.0,0.0,False,0.9052224186350136,0.4842728028376863,0.0138608707117785,0.0151131101577161,0.0112732633948326,1.0,1.0,,,,cifar10,
posthoc_crc,42,0.15,0.0,0.0833097323775291,0.0890350565314292,0.0890350565314292,1.0,0.9144999980926514,0.0,0.0,False,0.905640892828024,0.4966248890476756,0.0126530078675888,0.0149024523023113,0.0598337590694427,1.0,1.0,,,,cifar10,
posthoc_crc,42,0.2,0.0,0.0817004367709159,0.0876858308911323,0.0876858308911323,1.0,0.9168999791145324,0.0,0.0,False,0.9057597285049463,0.4621390089270029,0.0129636505346579,0.0150371654762152,0.1115323945879936,1.0,1.0,,,,cifar10,
posthoc_crc,123,0.01,0.9481327533721924,0.0096393097192049,0.0088283875957131,0.0115283196792006,0.7657999992370605,0.9898145794868468,0.2342000007629394,0.0,False,0.9155979710551856,0.4777755401379927,0.0119114331161646,0.0139229400634471,0.0015692964568734,0.7871999740600586,0.9725610402464628,,,,cifar10,
posthoc_crc,123,0.02,0.0222330652177333,0.0196506902575492,0.0200339499861001,0.023547189310193,0.8507999777793884,0.977903127670288,0.1492000222206115,3.394998610019642e-05,True,0.9153149438557427,0.4652505417128283,0.0124911658107856,0.0133481145619237,-0.0014541479945182,0.8574000000953674,0.9993002328501956,,,,cifar10,
posthoc_crc,123,0.05,3.091666712862206e-06,0.0497095584869384,0.0551345199346542,0.0581710487604141,0.9477999806404114,0.9445030689239502,0.0522000193595886,0.0051345199346542,True,0.91496497937587,0.4852357353687054,0.0124933493242291,0.0132261041568781,-0.0043326921761035,0.8748000264167786,1.0871055629705542,,,,cifar10,
posthoc_crc,123,0.1,0.0,0.0762374997138977,0.0861959308385849,0.0861959308385849,1.0,0.91839998960495,0.0,0.0,False,0.9118920052777209,0.4854028296103616,0.0115872643364463,0.0139220349479866,0.0155593663454055,1.0,1.0,,,,cifar10,
posthoc_crc,123,0.15,0.0,0.0755037292838096,0.081807255744934,0.081807255744934,1.0,0.9236000180244446,0.0,0.0,False,0.916397309412973,0.4577124751580724,0.0119061000512721,0.0133459770301997,0.0639535874128341,1.0,1.0,,,,cifar10,
posthoc_crc,123,0.2,0.0,0.0733289122581482,0.0836099609732627,0.0836099609732627,1.0,0.9205999970436096,0.0,0.0,False,0.9203561252080152,0.5025451840719337,0.0121783578451327,0.014018703364943,0.1155017808079719,1.0,1.0,,,,cifar10,
posthoc_crc,456,0.01,0.954991340637207,0.0097095798701047,0.0071215955540537,0.0098609747365117,0.7221999764442444,0.9914151430130004,0.2778000235557556,0.0,False,0.9117161687129234,0.4581406002138383,0.0107298178608857,0.0126934657529644,0.0022690032981336,0.0,0.0,,,,cifar10,
posthoc_crc,456,0.02,0.0810810774564743,0.0196085013449192,0.0185460522770881,0.0217370521277189,0.8532000184059143,0.9796062111854552,0.1467999815940857,0.0,False,0.9138478034590756,0.4778490395737256,0.0114765977758331,0.0133371815651275,0.0010535982251167,0.8646000027656555,0.9868147301373176,,,,cifar10,
posthoc_crc,456,0.05,2.6129515390493907e-05,0.0497250482439994,0.0422349870204925,0.0451517924666404,0.9354000091552734,0.956809937953949,0.0645999908447265,0.0,False,0.9136166253101736,0.4780429214751916,0.0108733214909289,0.0128457208319428,0.0061226442456245,0.8912000060081482,1.0502692809688163,,,,cifar10,
posthoc_crc,456,0.1,0.0,0.0809762179851532,0.0785656049847602,0.0785656049847602,1.0,0.9259999990463256,0.0,0.0,False,0.9130398108691844,0.4822347995230081,0.0113924330327554,0.013055705170832,0.0190755635499954,1.0,1.0,,,,cifar10,
posthoc_crc,456,0.15,0.0,0.0795181840658187,0.079759657382965,0.079759657382965,1.0,0.9246000051498412,0.0,0.0,False,0.918380075174812,0.4722622009891165,0.0112690629354589,0.012371700066882,0.0700420603156089,1.0,1.0,,,,cifar10,
posthoc_crc,456,0.2,0.0,0.079286977648735,0.0802095308899879,0.0802095308899879,1.0,0.9241999983787536,0.0,0.0,False,0.9092470475784806,0.4589727357304661,0.0109139252099609,0.0129128606938087,0.1208498895168304,1.0,1.0,,,,cifar10,
posthoc_crc,999,0.01,0.913913905620575,0.0096685755997896,0.0118539920076727,0.015073743648827,0.7864000201225281,0.986266553401947,0.2135999798774719,0.0018539920076727,True,0.909098030488237,0.4471407511348851,0.0123198269178518,0.0140871432246159,-0.0044951250404119,0.7748000025749207,1.042849800526764,,,,cifar10,
posthoc_crc,999,0.02,0.0478780679404735,0.0196295715868473,0.022220766171813,0.0259952805936336,0.8547999858856201,0.9754328727722168,0.1452000141143798,0.002220766171813,True,0.9095688035563808,0.4674111635939623,0.0126916553634326,0.0131377114078562,-0.0012416499853134,0.8425999879837036,1.0161405079424994,,,,cifar10,
posthoc_crc,999,0.05,7.200599156931276e-06,0.0496337786316871,0.0539984852075576,0.0570567287504673,0.946399986743927,0.94590026140213,0.053600013256073,0.0039984852075576,True,0.8994351431271359,0.4183260220222217,0.0126661520970355,0.014642106388232,-0.0007041215896606,0.8812000155448914,1.0696777067607102,,,,cifar10,
posthoc_crc,999,0.1,0.0,0.0797575637698173,0.0834580734372139,0.0834580734372139,1.0,0.9229999780654908,0.0,0.0,False,0.908338140732507,0.4430399974603143,0.0126902355069475,0.0145719708578422,0.0175050631165504,1.0,1.0,,,,cifar10,
posthoc_crc,999,0.15,0.0,0.0793601348996162,0.0830785408616066,0.0830785408616066,1.0,0.9225999712944032,0.0,0.0,False,0.90301115093789,0.4217776817337556,0.0126783230084387,0.014509517898968,0.0672339141368865,1.0,1.0,,,,cifar10,
posthoc_crc,999,0.2,0.0,0.0794837474822998,0.0835181400179863,0.0835181400179863,1.0,0.9225999712944032,0.0,0.0,False,0.9086585993633316,0.4268785694278302,0.0130805333204611,0.0142238125257039,0.1157986566424369,1.0,1.0,,,,cifar10,
MSP,42,0.01,0.9976038336753844,0.009677774272859,0.0117711182683706,0.0149969654275226,0.7849000096321106,0.9863676901516116,,0.0017711182683706,True,0.9069531293970264,0.533085668354365,,,,,,,,,cifar10,
MSP,42,0.02,0.9953835010528564,0.0196233317255973,0.0194147303700447,0.0231155266519358,0.839900016784668,0.9783307536611502,,0.0,False,0.9069531293970264,0.533085668354365,,,,,,,,,cifar10,
MSP,42,0.05,0.92592591047287,0.0496372804045677,0.0502007938921451,0.0537136672983428,0.934599995613098,0.9486411298951424,,0.0002007938921451,True,0.9069531293970264,0.533085668354365,,,,,,,,,cifar10,
MSP,42,0.1,0.0,0.0844537839293479,0.0890424773097038,0.08904248046875,1.0,0.9143,,0.0,False,0.9069531293970264,0.533085668354365,,,,,,,,,cifar10,
MSP,42,0.15,0.0,0.0844537839293479,0.0890424773097038,0.08904248046875,1.0,0.9143,,0.0,False,0.9069531293970264,0.533085668354365,,,,,,,,,cifar10,
MSP,42,0.2,0.0,0.0844537839293479,0.0890424773097038,0.08904248046875,1.0,0.9143,,0.0,False,0.9069531293970264,0.533085668354365,,,,,,,,,cifar10,
MSP,123,0.01,0.9980636835098268,0.0096260542050004,0.0096083423122763,0.0126725692165397,0.7581999897956848,0.9886573463466104,,0.0,False,0.9014660792353688,0.4605673826384144,,,,,,,,,cifar10,
MSP,123,0.02,0.9950913786888124,0.0196339841932058,0.0216247867792844,0.0253990913518359,0.8514000177383423,0.9760394644115574,,0.0016247867792844,True,0.9014660792353688,0.4605673826384144,,,,,,,,,cifar10,
MSP,123,0.05,0.8888888955116272,0.0497992932796478,0.0564437434077262,0.0592771937581226,0.9521999955177308,0.943289224952741,,0.0064437434077262,True,0.9014660792353688,0.4605673826384144,,,,,,,,,cifar10,
MSP,123,0.1,0.0,0.0761045068502426,0.0843148157000541,0.0843148132324218,1.0,0.9206,,0.0,False,0.9014660792353688,0.4605673826384144,,,,,,,,,cifar10,
MSP,123,0.15,0.0,0.0761045068502426,0.0843148157000541,0.0843148132324218,1.0,0.9206,,0.0,False,0.9014660792353688,0.4605673826384144,,,,,,,,,cifar10,
MSP,123,0.2,0.0,0.0761045068502426,0.0843148157000541,0.0843148132324218,1.0,0.9206,,0.0,False,0.9014660792353688,0.4605673826384144,,,,,,,,,cifar10,
MSP,456,0.01,0.9982974529266356,0.0096763232722878,0.0064911767840385,0.0091399276333773,0.7102000117301941,0.9921148972120528,,0.0,False,0.9176674588292936,0.5027392914737356,,,,,,,,,cifar10,
MSP,456,0.02,0.9959105849266052,0.0197716709226369,0.0181676261126995,0.0214190367285133,0.8482000231742859,0.9799575571799104,,0.0,False,0.9176674588292936,0.5027392914737356,,,,,,,,,cifar10,
MSP,456,0.05,0.90055912733078,0.0496377609670162,0.0475282669067382,0.0502412953286039,0.9459999799728394,0.9522198731501056,,0.0,False,0.9176674588292936,0.5027392914737356,,,,,,,,,cifar10,
MSP,456,0.1,0.0,0.0791738405823707,0.0791159495711326,0.0791159484863281,1.0,0.9244,,0.0,False,0.9176674588292936,0.5027392914737356,,,,,,,,,cifar10,
MSP,456,0.15,0.0,0.0791738405823707,0.0791159495711326,0.0791159484863281,1.0,0.9244,,0.0,False,0.9176674588292936,0.5027392914737356,,,,,,,,,cifar10,
MSP,456,0.2,0.0,0.0791738405823707,0.0791159495711326,0.0791159484863281,1.0,0.9244,,0.0,False,0.9176674588292936,0.5027392914737356,,,,,,,,,cifar10,
MSP,999,0.01,0.9975656867027284,0.009679889306426,0.0156832374632358,0.0194919670573402,0.8046000003814697,0.9818543375590356,,0.0056832374632358,True,0.8995318399527432,0.4336904037738725,,,,,,,,,cifar10,
MSP,999,0.02,0.9954087734222412,0.0194180738180875,0.0236114952713251,0.027648119959954,0.8539999723434448,0.9737704918032788,,0.0036114952713251,True,0.8995318399527432,0.4336904037738725,,,,,,,,,cifar10,
MSP,999,0.05,0.8958958983421326,0.0497586764395237,0.0519200935959816,0.054930271660429,0.9452000260353088,0.9475243334743968,,0.0019200935959815,True,0.8995318399527432,0.4336904037738725,,,,,,,,,cifar10,
MSP,999,0.1,0.0,0.0795521885156631,0.0840883627533912,0.0840883605957031,1.0,0.9212,,0.0,False,0.8995318399527432,0.4336904037738725,,,,,,,,,cifar10,
MSP,999,0.15,0.0,0.0795521885156631,0.0840883627533912,0.0840883605957031,1.0,0.9212,,0.0,False,0.8995318399527432,0.4336904037738725,,,,,,,,,cifar10,
MSP,999,0.2,0.0,0.0795521885156631,0.0840883627533912,0.0840883605957031,1.0,0.9212,,0.0,False,0.8995318399527432,0.4336904037738725,,,,,,,,,cifar10,
Energy,42,0.01,0.8534722924232483,,0.0108166076242923,0.0142567650797622,0.7587000131607056,0.9870831685778304,,0.0008166076242923,True,0.8996664050811487,0.5354376970882201,,,,,,,,,cifar10,1.0
Energy,42,0.02,0.7687687873840332,,0.019402727484703,0.0231812744869838,0.8370000123977661,0.9782556750298684,,0.0,False,0.8996664050811487,0.5354376970882201,,,,,,,,,cifar10,1.0
Energy,42,0.05,0.4479946196079254,,0.0520645193755626,0.0554349662091906,0.9391999840736388,0.9471890971039182,,0.0020645193755626,True,0.8996664050811487,0.5354376970882201,,,,,,,,,cifar10,1.0
Energy,42,0.1,0.0,,0.0890424773097038,0.08904248046875,1.0,0.9143,,0.0,False,0.8996664050811487,0.5354376970882201,,,,,,,,,cifar10,1.0
Energy,42,0.15,0.0,,0.0890424773097038,0.08904248046875,1.0,0.9143,,0.0,False,0.8996664050811487,0.5354376970882201,,,,,,,,,cifar10,1.0
Energy,42,0.2,0.0,,0.0890424773097038,0.08904248046875,1.0,0.9143,,0.0,False,0.8996664050811487,0.5354376970882201,,,,,,,,,cifar10,1.0
Energy,123,0.01,0.8397798538208008,,0.0089132115244865,0.0126788219381362,0.703000009059906,0.9886201991465148,,0.0,False,0.8929197418614845,0.4535333285783288,,,,,,,,,cifar10,1.0
Energy,123,0.02,0.7225329875946045,,0.0208211336284875,0.0245127542063239,0.849399983882904,0.9769248881563456,,0.0008211336284875,True,0.8929197418614845,0.4535333285783288,,,,,,,,,cifar10,1.0
Energy,123,0.05,0.3896239101886749,,0.0576674193143844,0.0604987614704088,0.9531999826431274,0.941670163659253,,0.0076674193143844,True,0.8929197418614845,0.4535333285783288,,,,,,,,,cifar10,1.0
Energy,123,0.1,0.0,,0.0843148157000541,0.0843148132324218,1.0,0.9206,,0.0,False,0.8929197418614845,0.4535333285783288,,,,,,,,,cifar10,1.0
Energy,123,0.15,0.0,,0.0843148157000541,0.0843148132324218,1.0,0.9206,,0.0,False,0.8929197418614845,0.4535333285783288,,,,,,,,,cifar10,1.0
Energy,123,0.2,0.0,,0.0843148157000541,0.0843148132324218,1.0,0.9206,,0.0,False,0.8929197418614845,0.4535333285783288,,,,,,,,,cifar10,1.0
Energy,456,0.01,0.8617399334907532,,0.006665043067187,0.0096121183691913,0.6934000253677368,0.9916354196711856,,0.0,False,0.9101170156990148,0.5066473630941098,,,,,,,,,cifar10,1.0
Energy,456,0.02,0.7501874566078186,,0.0177813563495874,0.0209044871990635,0.850600004196167,0.9804843639783682,,0.0,False,0.9101170156990148,0.5066473630941098,,,,,,,,,cifar10,1.0
Energy,456,0.05,0.375375360250473,,0.0523414611816406,0.0547619388801429,0.9557999968528748,0.9478970495919647,,0.0023414611816406,True,0.9101170156990148,0.5066473630941098,,,,,,,,,cifar10,1.0
Energy,456,0.1,0.0,,0.0791159495711326,0.0791159484863281,1.0,0.9244,,0.0,False,0.9101170156990148,0.5066473630941098,,,,,,,,,cifar10,1.0
Energy,456,0.15,0.0,,0.0791159495711326,0.0791159484863281,1.0,0.9244,,0.0,False,0.9101170156990148,0.5066473630941098,,,,,,,,,cifar10,1.0
Energy,456,0.2,0.0,,0.0791159495711326,0.0791159484863281,1.0,0.9244,,0.0,False,0.9101170156990148,0.5066473630941098,,,,,,,,,cifar10,1.0
Energy,999,0.01,0.8247125148773193,,0.015261111781001,0.0192157031606589,0.7942000031471252,0.9821203727020902,,0.005261111781001,True,0.892322087059254,0.443720408791289,,,,,,,,,cifar10,1.0
Energy,999,0.02,0.7425950765609741,,0.0234115459024906,0.027426834964484,0.853600025177002,0.9739925023430178,,0.0034115459024906,True,0.892322087059254,0.443720408791289,,,,,,,,,cifar10,1.0
Energy,999,0.05,0.4162091016769409,,0.050897654145956,0.0539512965849503,0.9434000253677368,0.9484842060631756,,0.000897654145956,True,0.892322087059254,0.443720408791289,,,,,,,,,cifar10,1.0
Energy,999,0.1,0.0,,0.0840883627533912,0.0840883605957031,1.0,0.9212,,0.0,False,0.892322087059254,0.443720408791289,,,,,,,,,cifar10,1.0
Energy,999,0.15,0.0,,0.0840883627533912,0.0840883605957031,1.0,0.9212,,0.0,False,0.892322087059254,0.443720408791289,,,,,,,,,cifar10,1.0
Energy,999,0.2,0.0,,0.0840883627533912,0.0840883605957031,1.0,0.9212,,0.0,False,0.892322087059254,0.443720408791289,,,,,,,,,cifar10,1.0
TempScaled_MSP,42,0.01,0.9612979292869568,0.0096623133867979,0.0116604575887322,0.0149454724571699,0.7802000045776367,0.9864137400666496,,0.0016604575887322,True,0.9047948893447316,0.536388387949121,,,,,,,,,cifar10,1.5384445190429688
TempScaled_MSP,42,0.02,0.9431134462356568,0.0196268558502197,0.0198121946305036,0.023585946219308,0.8399999737739563,0.9778571428571428,,0.0,False,0.9047948893447316,0.536388387949121,,,,,,,,,cifar10,1.5384445190429688
TempScaled_MSP,42,0.05,0.7497497797012329,0.0498052351176738,0.0507177673280239,0.054139375890248,0.9368000030517578,0.9483347566182748,,0.0007177673280239,True,0.9047948893447316,0.536388387949121,,,,,,,,,cifar10,1.5384445190429688
TempScaled_MSP,42,0.1,0.0,0.0844537839293479,0.0890424773097038,0.08904248046875,1.0,0.9143,,0.0,False,0.9047948893447316,0.536388387949121,,,,,,,,,cifar10,1.5384445190429688
TempScaled_MSP,42,0.15,0.0,0.0844537839293479,0.0890424773097038,0.08904248046875,1.0,0.9143,,0.0,False,0.9047948893447316,0.536388387949121,,,,,,,,,cifar10,1.5384445190429688
TempScaled_MSP,42,0.2,0.0,0.0844537839293479,0.0890424773097038,0.08904248046875,1.0,0.9143,,0.0,False,0.9047948893447316,0.536388387949121,,,,,,,,,cifar10,1.5384445190429688
TempScaled_MSP,123,0.01,0.9683863520622252,0.0096113579347729,0.0093888891860842,0.0125587069458856,0.7476000189781189,0.9887640449438202,,0.0,False,0.8990880988250461,0.4596809923105838,,,,,,,,,cifar10,1.5161834955215454
TempScaled_MSP,123,0.02,0.9452341794967652,0.0196301154792308,0.0210275575518608,0.0247034273649516,0.8511999845504761,0.9767387218045112,,0.0010275575518608,True,0.8990880988250461,0.4596809923105838,,,,,,,,,cifar10,1.5161834955215454
TempScaled_MSP,123,0.05,0.7083311080932617,0.0497934892773628,0.0565035343170166,0.0592901720205108,0.953000009059906,0.9433368310598113,,0.0065035343170165,True,0.8990880988250461,0.4596809923105838,,,,,,,,,cifar10,1.5161834955215454
TempScaled_MSP,123,0.1,0.0,0.0761045068502426,0.0843148157000541,0.0843148132324218,1.0,0.9206,,0.0,False,0.8990880988250461,0.4596809923105838,,,,,,,,,cifar10,1.5161834955215454
TempScaled_MSP,123,0.15,0.0,0.0761045068502426,0.0843148157000541,0.0843148132324218,1.0,0.9206,,0.0,False,0.8990880988250461,0.4596809923105838,,,,,,,,,cifar10,1.5161834955215454
TempScaled_MSP,123,0.2,0.0,0.0761045068502426,0.0843148157000541,0.0843148132324218,1.0,0.9206,,0.0,False,0.8990880988250461,0.4596809923105838,,,,,,,,,cifar10,1.5161834955215454
TempScaled_MSP,456,0.01,0.9688434600830078,0.0096351346001029,0.0060555092059075,0.0087990543240206,0.6881999969482422,0.992444056960186,,0.0,False,0.9156054892748964,0.5082270913862419,,,,,,,,,cifar10,1.5327069759368896
TempScaled_MSP,456,0.02,0.9483757615089417,0.0197708196938037,0.0179664101451635,0.0211968037135874,0.847599983215332,0.9801793298725814,,0.0,False,0.9156054892748964,0.5082270913862419,,,,,,,,,cifar10,1.5327069759368896
TempScaled_MSP,456,0.05,0.7117117047309875,0.0497693158686161,0.0488526411354541,0.0514021915217441,0.9503999948501588,0.9513888888888888,,0.0,False,0.9156054892748964,0.5082270913862419,,,,,,,,,cifar10,1.5327069759368896
TempScaled_MSP,456,0.1,0.0,0.0791738405823707,0.0791159495711326,0.0791159484863281,1.0,0.9244,,0.0,False,0.9156054892748964,0.5082270913862419,,,,,,,,,cifar10,1.5327069759368896
TempScaled_MSP,456,0.15,0.0,0.0791738405823707,0.0791159495711326,0.0791159484863281,1.0,0.9244,,0.0,False,0.9156054892748964,0.5082270913862419,,,,,,,,,cifar10,1.5327069759368896
TempScaled_MSP,456,0.2,0.0,0.0791738405823707,0.0791159495711326,0.0791159484863281,1.0,0.9244,,0.0,False,0.9156054892748964,0.5082270913862419,,,,,,,,,cifar10,1.5327069759368896
TempScaled_MSP,999,0.01,0.961800217628479,0.0096818935126066,0.0154805416241288,0.0192735831576039,0.8032000064849854,0.9820717131474104,,0.0054805416241288,True,0.8974161378559415,0.4362806141490296,,,,,,,,,cifar10,1.5259394645690918
TempScaled_MSP,999,0.02,0.9439439177513124,0.0196253098547458,0.0236183088272809,0.0276108358908067,0.855400025844574,0.9738134206219312,,0.0036183088272809,True,0.8974161378559415,0.4362806141490296,,,,,,,,,cifar10,1.5259394645690918
TempScaled_MSP,999,0.05,0.7207207083702087,0.0496215559542179,0.0517610274255275,0.0547504009442927,0.9453999996185304,0.947746985403004,,0.0017610274255275,True,0.8974161378559415,0.4362806141490296,,,,,,,,,cifar10,1.5259394645690918
TempScaled_MSP,999,0.1,0.0,0.0795521885156631,0.0840883627533912,0.0840883605957031,1.0,0.9212,,0.0,False,0.8974161378559415,0.4362806141490296,,,,,,,,,cifar10,1.5259394645690918
TempScaled_MSP,999,0.15,0.0,0.0795521885156631,0.0840883627533912,0.0840883605957031,1.0,0.9212,,0.0,False,0.8974161378559415,0.4362806141490296,,,,,,,,,cifar10,1.5259394645690918
TempScaled_MSP,999,0.2,0.0,0.0795521885156631,0.0840883627533912,0.0840883605957031,1.0,0.9212,,0.0,False,0.8974161378559415,0.4362806141490296,,,,,,,,,cifar10,1.5259394645690918
DeepGambler,42,0.01,0.0010010009864345,,0.0,0.0,0.0,0.0,,0.0,False,0.5,0.9011,,,,,,,,,cifar10,
DeepGambler,42,0.02,0.0010010009864345,,0.0,0.0,0.0,0.0,,0.0,False,0.5,0.9011,,,,,,,,,cifar10,
DeepGambler,42,0.05,0.0010010009864345,,0.0,0.0,0.0,0.0,,0.0,False,0.5,0.9011,,,,,,,,,cifar10,
DeepGambler,42,0.1,0.0010010009864345,,0.0,0.0,0.0,0.0,,0.0,False,0.5,0.9011,,,,,,,,,cifar10,
DeepGambler,42,0.15,0.0010010009864345,,0.0,0.0,0.0,0.0,,0.0,False,0.5,0.9011,,,,,,,,,cifar10,
DeepGambler,42,0.2,0.0010010009864345,,0.0,0.0,0.0,0.0,,0.0,False,0.5,0.9011,,,,,,,,,cifar10,
DeepGambler,123,0.01,0.0010010009864345,,0.0,0.0,0.0,0.0,,0.0,False,0.5,0.9038,,,,,,,,,cifar10,
DeepGambler,123,0.02,0.0010010009864345,,0.0,0.0,0.0,0.0,,0.0,False,0.5,0.9038,,,,,,,,,cifar10,
DeepGambler,123,0.05,0.0010010009864345,,0.0,0.0,0.0,0.0,,0.0,False,0.5,0.9038,,,,,,,,,cifar10,
DeepGambler,123,0.1,0.0010010009864345,,0.0,0.0,0.0,0.0,,0.0,False,0.5,0.9038,,,,,,,,,cifar10,
DeepGambler,123,0.15,0.0010010009864345,,0.0,0.0,0.0,0.0,,0.0,False,0.5,0.9038,,,,,,,,,cifar10,
DeepGambler,123,0.2,0.0010010009864345,,0.0,0.0,0.0,0.0,,0.0,False,0.5,0.9038,,,,,,,,,cifar10,
DeepGambler,456,0.01,0.0010010009864345,,0.0,0.0,0.0,0.0,,0.0,False,0.5,0.905,,,,,,,,,cifar10,
DeepGambler,456,0.02,0.0010010009864345,,0.0,0.0,0.0,0.0,,0.0,False,0.5,0.905,,,,,,,,,cifar10,
DeepGambler,456,0.05,0.0010010009864345,,0.0,0.0,0.0,0.0,,0.0,False,0.5,0.905,,,,,,,,,cifar10,
DeepGambler,456,0.1,0.0010010009864345,,0.0,0.0,0.0,0.0,,0.0,False,0.5,0.905,,,,,,,,,cifar10,
DeepGambler,456,0.15,0.0010010009864345,,0.0,0.0,0.0,0.0,,0.0,False,0.5,0.905,,,,,,,,,cifar10,
DeepGambler,456,0.2,0.0010010009864345,,0.0,0.0,0.0,0.0,,0.0,False,0.5,0.905,,,,,,,,,cifar10,
DeepGambler,999,0.01,0.0010010009864345,,0.0,0.0,0.0,0.0,,0.0,False,0.5,0.9046,,,,,,,,,cifar10,
DeepGambler,999,0.02,0.0010010009864345,,0.0,0.0,0.0,0.0,,0.0,False,0.5,0.9046,,,,,,,,,cifar10,
DeepGambler,999,0.05,0.0010010009864345,,0.0,0.0,0.0,0.0,,0.0,False,0.5,0.9046,,,,,,,,,cifar10,
DeepGambler,999,0.1,0.0010010009864345,,0.0,0.0,0.0,0.0,,0.0,False,0.5,0.9046,,,,,,,,,cifar10,
DeepGambler,999,0.15,0.0010010009864345,,0.0,0.0,0.0,0.0,,0.0,False,0.5,0.9046,,,,,,,,,cifar10,
DeepGambler,999,0.2,0.0010010009864345,,0.0,0.0,0.0,0.0,,0.0,False,0.5,0.9046,,,,,,,,,cifar10,
